M,N,K
16, 1536, 7168
16, 576, 7168
16, 7168, 256
16, 4608, 7168
16, 7168, 2304
16, 512, 7168
32, 1536, 7168
32, 576, 7168
32, 7168, 256
32, 4608, 7168
32, 7168, 2304
32, 512, 7168
64, 1536, 7168
64, 576, 7168
64, 7168, 256
64, 4608, 7168
64, 7168, 2304
64, 512, 7168
128, 1536, 7168
128, 576, 7168
128, 7168, 256
128, 4608, 7168
128, 7168, 2304
128, 512, 7168
256, 1536, 7168
256, 576, 7168
256, 7168, 256
256, 4608, 7168
256, 7168, 2304
256, 512, 7168
512, 1536, 7168
512, 576, 7168
512, 7168, 256
512, 4608, 7168
512, 7168, 2304
512, 512, 7168
1024, 1536, 7168
1024, 576, 7168
1024, 7168, 256
1024, 4608, 7168
1024, 7168, 2304
1024, 512, 7168
1536, 1536, 7168
1536, 576, 7168
1536, 7168, 256
1536, 4608, 7168
1536, 7168, 2304
1536, 512, 7168
2048, 1536, 7168
2048, 576, 7168
2048, 7168, 256
2048, 4608, 7168
2048, 7168, 2304
2048, 512, 7168
4096, 1536, 7168
4096, 576, 7168
4096, 7168, 256
4096, 4608, 7168
4096, 7168, 2304
4096, 512, 7168
8192, 1536, 7168
8192, 576, 7168
8192, 7168, 256
8192, 4608, 7168
8192, 7168, 2304
8192, 512, 7168
16384, 1536, 7168
16384, 576, 7168
16384, 7168, 256
16384, 4608, 7168
16384, 7168, 2304
16384, 512, 7168
20480, 1536, 7168
20480, 576, 7168
20480, 7168, 256
20480, 4608, 7168
20480, 7168, 2304
20480, 512, 7168
73728, 3584, 6144
73728, 6144, 3072
73728, 160, 6144
2048, 37984, 6144
512, 3584, 6144
512, 6144, 3072
512, 160, 6144
496, 160, 6144
480, 160, 6144
464, 160, 6144
448, 160, 6144
432, 160, 6144
416, 160, 6144
400, 160, 6144
384, 160, 6144
368, 160, 6144
352, 160, 6144
336, 160, 6144
320, 160, 6144
304, 160, 6144
288, 160, 6144
272, 160, 6144
256, 160, 6144
248, 160, 6144
240, 160, 6144
232, 160, 6144
224, 160, 6144
216, 160, 6144
208, 160, 6144
200, 160, 6144
192, 160, 6144
184, 160, 6144
176, 160, 6144
168, 160, 6144
160, 160, 6144
152, 160, 6144
144, 160, 6144
136, 160, 6144
128, 160, 6144
120, 160, 6144
112, 160, 6144
104, 160, 6144
96, 160, 6144
88, 160, 6144
80, 160, 6144
72, 160, 6144
64, 160, 6144
56, 160, 6144
48, 160, 6144
40, 160, 6144
32, 160, 6144
24, 160, 6144
16, 160, 6144
8, 160, 6144
4, 160, 6144
2, 160, 6144
1, 160, 6144
2048, 3584, 6144
2048, 6144, 3072
2048, 160, 6144
3563, 3584, 6144
3563, 6144, 3072
3563, 160, 6144
24, 37984, 6144
46, 37984, 6144
69, 37984, 6144
38631, 3584, 6144
38631, 6144, 3072
38631, 160, 6144
80, 37984, 6144
79, 37984, 6144
3148, 3584, 6144
3148, 6144, 3072
3148, 160, 6144
78, 37984, 6144
3601, 3584, 6144
3601, 6144, 3072
3601, 160, 6144
3661, 3584, 6144
3661, 6144, 3072
3661, 160, 6144
3553, 3584, 6144
3553, 6144, 3072
3553, 160, 6144
3352, 3584, 6144
3352, 6144, 3072
3352, 160, 6144
3217, 3584, 6144
3217, 6144, 3072
3217, 160, 6144
3535, 3584, 6144
3535, 6144, 3072
3535, 160, 6144
3317, 3584, 6144
3317, 6144, 3072
3317, 160, 6144
77, 37984, 6144
3558, 3584, 6144
3558, 6144, 3072
3558, 160, 6144
6851, 3584, 6144
6851, 6144, 3072
6851, 160, 6144
3432, 3584, 6144
3432, 6144, 3072
3432, 160, 6144
3484, 3584, 6144
3484, 6144, 3072
3484, 160, 6144
6942, 3584, 6144
6942, 6144, 3072
6942, 160, 6144
3396, 3584, 6144
3396, 6144, 3072
3396, 160, 6144
7016, 3584, 6144
7016, 6144, 3072
7016, 160, 6144
3172, 3584, 6144
3172, 6144, 3072
3172, 160, 6144
3188, 3584, 6144
3188, 6144, 3072
3188, 160, 6144
6645, 3584, 6144
6645, 6144, 3072
6645, 160, 6144
3669, 3584, 6144
3669, 6144, 3072
3669, 160, 6144
3314, 3584, 6144
3314, 6144, 3072
3314, 160, 6144
3263, 3584, 6144
3263, 6144, 3072
3263, 160, 6144
3667, 3584, 6144
3667, 6144, 3072
3667, 160, 6144
3597, 3584, 6144
3597, 6144, 3072
3597, 160, 6144
3655, 3584, 6144
3655, 6144, 3072
3655, 160, 6144
3511, 3584, 6144
3511, 6144, 3072
3511, 160, 6144
6832, 3584, 6144
6832, 6144, 3072
6832, 160, 6144
10194, 3584, 6144
10194, 6144, 3072
10194, 160, 6144
3350, 3584, 6144
3350, 6144, 3072
3350, 160, 6144
6900, 3584, 6144
6900, 6144, 3072
6900, 160, 6144
3434, 3584, 6144
3434, 6144, 3072
3434, 160, 6144
3214, 3584, 6144
3214, 6144, 3072
3214, 160, 6144
3423, 3584, 6144
3423, 6144, 3072
3423, 160, 6144
3575, 3584, 6144
3575, 6144, 3072
3575, 160, 6144
6547, 3584, 6144
6547, 6144, 3072
6547, 160, 6144
6884, 3584, 6144
6884, 6144, 3072
6884, 160, 6144
76, 37984, 6144
3476, 3584, 6144
3476, 6144, 3072
3476, 160, 6144
9999, 3584, 6144
9999, 6144, 3072
9999, 160, 6144
3278, 3584, 6144
3278, 6144, 3072
3278, 160, 6144
3382, 3584, 6144
3382, 6144, 3072
3382, 160, 6144
3282, 3584, 6144
3282, 6144, 3072
3282, 160, 6144
3477, 3584, 6144
3477, 6144, 3072
3477, 160, 6144
3461, 3584, 6144
3461, 6144, 3072
3461, 160, 6144
6702, 3584, 6144
6702, 6144, 3072
6702, 160, 6144
3213, 3584, 6144
3213, 6144, 3072
3213, 160, 6144
6515, 3584, 6144
6515, 6144, 3072
6515, 160, 6144
3403, 3584, 6144
3403, 6144, 3072
3403, 160, 6144
3473, 3584, 6144
3473, 6144, 3072
3473, 160, 6144
3520, 3584, 6144
3520, 6144, 3072
3520, 160, 6144
3242, 3584, 6144
3242, 6144, 3072
3242, 160, 6144
3309, 3584, 6144
3309, 6144, 3072
3309, 160, 6144
3368, 3584, 6144
3368, 6144, 3072
3368, 160, 6144
6822, 3584, 6144
6822, 6144, 3072
6822, 160, 6144
3254, 3584, 6144
3254, 6144, 3072
3254, 160, 6144
3364, 3584, 6144
3364, 6144, 3072
3364, 160, 6144
3277, 3584, 6144
3277, 6144, 3072
3277, 160, 6144
3547, 3584, 6144
3547, 6144, 3072
3547, 160, 6144
6438, 3584, 6144
6438, 6144, 3072
6438, 160, 6144
3302, 3584, 6144
3302, 6144, 3072
3302, 160, 6144
3668, 3584, 6144
3668, 6144, 3072
3668, 160, 6144
3521, 3584, 6144
3521, 6144, 3072
3521, 160, 6144
3392, 3584, 6144
3392, 6144, 3072
3392, 160, 6144
3193, 3584, 6144
3193, 6144, 3072
3193, 160, 6144
3505, 3584, 6144
3505, 6144, 3072
3505, 160, 6144
3224, 3584, 6144
3224, 6144, 3072
3224, 160, 6144
3147, 3584, 6144
3147, 6144, 3072
3147, 160, 6144
3556, 3584, 6144
3556, 6144, 3072
3556, 160, 6144
3425, 3584, 6144
3425, 6144, 3072
3425, 160, 6144
3516, 3584, 6144
3516, 6144, 3072
3516, 160, 6144
3424, 3584, 6144
3424, 6144, 3072
3424, 160, 6144
6706, 3584, 6144
6706, 6144, 3072
6706, 160, 6144
3223, 3584, 6144
3223, 6144, 3072
3223, 160, 6144
6656, 3584, 6144
6656, 6144, 3072
6656, 160, 6144
3274, 3584, 6144
3274, 6144, 3072
3274, 160, 6144
3380, 3584, 6144
3380, 6144, 3072
3380, 160, 6144
3324, 3584, 6144
3324, 6144, 3072
3324, 160, 6144
6371, 3584, 6144
6371, 6144, 3072
6371, 160, 6144
3470, 3584, 6144
3470, 6144, 3072
3470, 160, 6144
3138, 3584, 6144
3138, 6144, 3072
3138, 160, 6144
3209, 3584, 6144
3209, 6144, 3072
3209, 160, 6144
6570, 3584, 6144
6570, 6144, 3072
6570, 160, 6144
6715, 3584, 6144
6715, 6144, 3072
6715, 160, 6144
6710, 3584, 6144
6710, 6144, 3072
6710, 160, 6144
6580, 3584, 6144
6580, 6144, 3072
6580, 160, 6144
3494, 3584, 6144
3494, 6144, 3072
3494, 160, 6144
3501, 3584, 6144
3501, 6144, 3072
3501, 160, 6144
3579, 3584, 6144
3579, 6144, 3072
3579, 160, 6144
3323, 3584, 6144
3323, 6144, 3072
3323, 160, 6144
6803, 3584, 6144
6803, 6144, 3072
6803, 160, 6144
6866, 3584, 6144
6866, 6144, 3072
6866, 160, 6144
3134, 3584, 6144
3134, 6144, 3072
3134, 160, 6144
3372, 3584, 6144
3372, 6144, 3072
3372, 160, 6144
9886, 3584, 6144
9886, 6144, 3072
9886, 160, 6144
3509, 3584, 6144
3509, 6144, 3072
3509, 160, 6144
3426, 3584, 6144
3426, 6144, 3072
3426, 160, 6144
6465, 3584, 6144
6465, 6144, 3072
6465, 160, 6144
3316, 3584, 6144
3316, 6144, 3072
3316, 160, 6144
6728, 3584, 6144
6728, 6144, 3072
6728, 160, 6144
3373, 3584, 6144
3373, 6144, 3072
3373, 160, 6144
3231, 3584, 6144
3231, 6144, 3072
3231, 160, 6144
6553, 3584, 6144
6553, 6144, 3072
6553, 160, 6144
3451, 3584, 6144
3451, 6144, 3072
3451, 160, 6144
3146, 3584, 6144
3146, 6144, 3072
3146, 160, 6144
3387, 3584, 6144
3387, 6144, 3072
3387, 160, 6144
3402, 3584, 6144
3402, 6144, 3072
3402, 160, 6144
3407, 3584, 6144
3407, 6144, 3072
3407, 160, 6144
9630, 3584, 6144
9630, 6144, 3072
9630, 160, 6144
3301, 3584, 6144
3301, 6144, 3072
3301, 160, 6144
3296, 3584, 6144
3296, 6144, 3072
3296, 160, 6144
3441, 3584, 6144
3441, 6144, 3072
3441, 160, 6144
6620, 3584, 6144
6620, 6144, 3072
6620, 160, 6144
6958, 3584, 6144
6958, 6144, 3072
6958, 160, 6144
3478, 3584, 6144
3478, 6144, 3072
3478, 160, 6144
3283, 3584, 6144
3283, 6144, 3072
3283, 160, 6144
3318, 3584, 6144
3318, 6144, 3072
3318, 160, 6144
3357, 3584, 6144
3357, 6144, 3072
3357, 160, 6144
3333, 3584, 6144
3333, 6144, 3072
3333, 160, 6144
3332, 3584, 6144
3332, 6144, 3072
3332, 160, 6144
3127, 3584, 6144
3127, 6144, 3072
3127, 160, 6144
3551, 3584, 6144
3551, 6144, 3072
3551, 160, 6144
3540, 3584, 6144
3540, 6144, 3072
3540, 160, 6144
3642, 3584, 6144
3642, 6144, 3072
3642, 160, 6144
3439, 3584, 6144
3439, 6144, 3072
3439, 160, 6144
3525, 3584, 6144
3525, 6144, 3072
3525, 160, 6144
3658, 3584, 6144
3658, 6144, 3072
3658, 160, 6144
3232, 3584, 6144
3232, 6144, 3072
3232, 160, 6144
3356, 3584, 6144
3356, 6144, 3072
3356, 160, 6144
3362, 3584, 6144
3362, 6144, 3072
3362, 160, 6144
3438, 3584, 6144
3438, 6144, 3072
3438, 160, 6144
3399, 3584, 6144
3399, 6144, 3072
3399, 160, 6144
3595, 3584, 6144
3595, 6144, 3072
3595, 160, 6144
3493, 3584, 6144
3493, 6144, 3072
3493, 160, 6144
6761, 3584, 6144
6761, 6144, 3072
6761, 160, 6144
3428, 3584, 6144
3428, 6144, 3072
3428, 160, 6144
3345, 3584, 6144
3345, 6144, 3072
3345, 160, 6144
3250, 3584, 6144
3250, 6144, 3072
3250, 160, 6144
3502, 3584, 6144
3502, 6144, 3072
3502, 160, 6144
6346, 3584, 6144
6346, 6144, 3072
6346, 160, 6144
3384, 3584, 6144
3384, 6144, 3072
3384, 160, 6144
75, 37984, 6144
6873, 3584, 6144
6873, 6144, 3072
6873, 160, 6144
10267, 3584, 6144
10267, 6144, 3072
10267, 160, 6144
3243, 3584, 6144
3243, 6144, 3072
3243, 160, 6144
3081, 3584, 6144
3081, 6144, 3072
3081, 160, 6144
3401, 3584, 6144
3401, 6144, 3072
3401, 160, 6144
3562, 3584, 6144
3562, 6144, 3072
3562, 160, 6144
6798, 3584, 6144
6798, 6144, 3072
6798, 160, 6144
3331, 3584, 6144
3331, 6144, 3072
3331, 160, 6144
3219, 3584, 6144
3219, 6144, 3072
3219, 160, 6144
3165, 3584, 6144
3165, 6144, 3072
3165, 160, 6144
3120, 3584, 6144
3120, 6144, 3072
3120, 160, 6144
3298, 3584, 6144
3298, 6144, 3072
3298, 160, 6144
3311, 3584, 6144
3311, 6144, 3072
3311, 160, 6144
3191, 3584, 6144
3191, 6144, 3072
3191, 160, 6144
3344, 3584, 6144
3344, 6144, 3072
3344, 160, 6144
6597, 3584, 6144
6597, 6144, 3072
6597, 160, 6144
3300, 3584, 6144
3300, 6144, 3072
3300, 160, 6144
6493, 3584, 6144
6493, 6144, 3072
6493, 160, 6144
3440, 3584, 6144
3440, 6144, 3072
3440, 160, 6144
3419, 3584, 6144
3419, 6144, 3072
3419, 160, 6144
6523, 3584, 6144
6523, 6144, 3072
6523, 160, 6144
6500, 3584, 6144
6500, 6144, 3072
6500, 160, 6144
3119, 3584, 6144
3119, 6144, 3072
3119, 160, 6144
3404, 3584, 6144
3404, 6144, 3072
3404, 160, 6144
3129, 3584, 6144
3129, 6144, 3072
3129, 160, 6144
6606, 3584, 6144
6606, 6144, 3072
6606, 160, 6144
6793, 3584, 6144
6793, 6144, 3072
6793, 160, 6144
3397, 3584, 6144
3397, 6144, 3072
3397, 160, 6144
3545, 3584, 6144
3545, 6144, 3072
3545, 160, 6144
3276, 3584, 6144
3276, 6144, 3072
3276, 160, 6144
3246, 3584, 6144
3246, 6144, 3072
3246, 160, 6144
3291, 3584, 6144
3291, 6144, 3072
3291, 160, 6144
6638, 3584, 6144
6638, 6144, 3072
6638, 160, 6144
3199, 3584, 6144
3199, 6144, 3072
3199, 160, 6144
3512, 3584, 6144
3512, 6144, 3072
3512, 160, 6144
3447, 3584, 6144
3447, 6144, 3072
3447, 160, 6144
74, 37984, 6144
73, 37984, 6144
71, 37984, 6144
70, 37984, 6144
68, 37984, 6144
67, 37984, 6144
66, 37984, 6144
64, 37984, 6144
63, 37984, 6144
62, 37984, 6144
61, 37984, 6144
60, 37984, 6144
59, 37984, 6144
58, 37984, 6144
57, 37984, 6144
56, 37984, 6144
55, 37984, 6144
54, 37984, 6144
53, 37984, 6144
52, 37984, 6144
51, 37984, 6144
50, 37984, 6144
49, 37984, 6144
48, 37984, 6144
47, 37984, 6144
45, 37984, 6144
43, 37984, 6144
42, 37984, 6144
41, 37984, 6144
40, 37984, 6144
39, 37984, 6144
38, 37984, 6144
37, 37984, 6144
36, 37984, 6144
35, 37984, 6144
33, 37984, 6144
32, 37984, 6144
31, 37984, 6144
30, 37984, 6144
29, 37984, 6144
28, 37984, 6144
27, 37984, 6144
26, 37984, 6144
25, 37984, 6144
23, 37984, 6144
21, 37984, 6144
20, 37984, 6144
18, 37984, 6144
17, 37984, 6144
15, 37984, 6144
14, 37984, 6144
13, 37984, 6144
12, 37984, 6144
11, 37984, 6144
10, 37984, 6144
9, 37984, 6144
8, 37984, 6144
7, 37984, 6144
6, 37984, 6144
5, 37984, 6144
32905, 3584, 6144
32905, 6144, 3072
32905, 160, 6144
72872, 3584, 6144
72872, 6144, 3072
72872, 160, 6144
100, 37984, 6144
99, 37984, 6144
3544, 3584, 6144
3544, 6144, 3072
3544, 160, 6144
98, 37984, 6144
6811, 3584, 6144
6811, 6144, 3072
6811, 160, 6144
3284, 3584, 6144
3284, 6144, 3072
3284, 160, 6144
3686, 3584, 6144
3686, 6144, 3072
3686, 160, 6144
3618, 3584, 6144
3618, 6144, 3072
3618, 160, 6144
3678, 3584, 6144
3678, 6144, 3072
3678, 160, 6144
3533, 3584, 6144
3533, 6144, 3072
3533, 160, 6144
3268, 3584, 6144
3268, 6144, 3072
3268, 160, 6144
3683, 3584, 6144
3683, 6144, 3072
3683, 160, 6144
3355, 3584, 6144
3355, 6144, 3072
3355, 160, 6144
3518, 3584, 6144
3518, 6144, 3072
3518, 160, 6144
3370, 3584, 6144
3370, 6144, 3072
3370, 160, 6144
3487, 3584, 6144
3487, 6144, 3072
3487, 160, 6144
3452, 3584, 6144
3452, 6144, 3072
3452, 160, 6144
97, 37984, 6144
6939, 3584, 6144
6939, 6144, 3072
6939, 160, 6144
3293, 3584, 6144
3293, 6144, 3072
3293, 160, 6144
3375, 3584, 6144
3375, 6144, 3072
3375, 160, 6144
3675, 3584, 6144
3675, 6144, 3072
3675, 160, 6144
3498, 3584, 6144
3498, 6144, 3072
3498, 160, 6144
3460, 3584, 6144
3460, 6144, 3072
3460, 160, 6144
3281, 3584, 6144
3281, 6144, 3072
3281, 160, 6144
95, 37984, 6144
6700, 3584, 6144
6700, 6144, 3072
6700, 160, 6144
10108, 3584, 6144
10108, 6144, 3072
10108, 160, 6144
3233, 3584, 6144
3233, 6144, 3072
3233, 160, 6144
6536, 3584, 6144
6536, 6144, 3072
6536, 160, 6144
3492, 3584, 6144
3492, 6144, 3072
3492, 160, 6144
6701, 3584, 6144
6701, 6144, 3072
6701, 160, 6144
3564, 3584, 6144
3564, 6144, 3072
3564, 160, 6144
3201, 3584, 6144
3201, 6144, 3072
3201, 160, 6144
3328, 3584, 6144
3328, 6144, 3072
3328, 160, 6144
3386, 3584, 6144
3386, 6144, 3072
3386, 160, 6144
96, 37984, 6144
6840, 3584, 6144
6840, 6144, 3072
6840, 160, 6144
6556, 3584, 6144
6556, 6144, 3072
6556, 160, 6144
3295, 3584, 6144
3295, 6144, 3072
3295, 160, 6144
6358, 3584, 6144
6358, 6144, 3072
6358, 160, 6144
3330, 3584, 6144
3330, 6144, 3072
3330, 160, 6144
6910, 3584, 6144
6910, 6144, 3072
6910, 160, 6144
3539, 3584, 6144
3539, 6144, 3072
3539, 160, 6144
3410, 3584, 6144
3410, 6144, 3072
3410, 160, 6144
3212, 3584, 6144
3212, 6144, 3072
3212, 160, 6144
3524, 3584, 6144
3524, 6144, 3072
3524, 160, 6144
3240, 3584, 6144
3240, 6144, 3072
3240, 160, 6144
6640, 3584, 6144
6640, 6144, 3072
6640, 160, 6144
6879, 3584, 6144
6879, 6144, 3072
6879, 160, 6144
3443, 3584, 6144
3443, 6144, 3072
3443, 160, 6144
3523, 3584, 6144
3523, 6144, 3072
3523, 160, 6144
6443, 3584, 6144
6443, 6144, 3072
6443, 160, 6144
3294, 3584, 6144
3294, 6144, 3072
3294, 160, 6144
6630, 3584, 6144
6630, 6144, 3072
6630, 160, 6144
3343, 3584, 6144
3343, 6144, 3072
3343, 160, 6144
3189, 3584, 6144
3189, 6144, 3072
3189, 160, 6144
3489, 3584, 6144
3489, 6144, 3072
3489, 160, 6144
3157, 3584, 6144
3157, 6144, 3072
3157, 160, 6144
3286, 3584, 6144
3286, 6144, 3072
3286, 160, 6144
3630, 3584, 6144
3630, 6144, 3072
3630, 160, 6144
6543, 3584, 6144
6543, 6144, 3072
6543, 160, 6144
3475, 3584, 6144
3475, 6144, 3072
3475, 160, 6144
6787, 3584, 6144
6787, 6144, 3072
6787, 160, 6144
3599, 3584, 6144
3599, 6144, 3072
3599, 160, 6144
6825, 3584, 6144
6825, 6144, 3072
6825, 160, 6144
6885, 3584, 6144
6885, 6144, 3072
6885, 160, 6144
3155, 3584, 6144
3155, 6144, 3072
3155, 160, 6144
3395, 3584, 6144
3395, 6144, 3072
3395, 160, 6144
3381, 3584, 6144
3381, 6144, 3072
3381, 160, 6144
3529, 3584, 6144
3529, 6144, 3072
3529, 160, 6144
3446, 3584, 6144
3446, 6144, 3072
3446, 160, 6144
3256, 3584, 6144
3256, 6144, 3072
3256, 160, 6144
3336, 3584, 6144
3336, 6144, 3072
3336, 160, 6144
3393, 3584, 6144
3393, 6144, 3072
3393, 160, 6144
6747, 3584, 6144
6747, 6144, 3072
6747, 160, 6144
3252, 3584, 6144
3252, 6144, 3072
3252, 160, 6144
3346, 3584, 6144
3346, 6144, 3072
3346, 160, 6144
3469, 3584, 6144
3469, 6144, 3072
3469, 160, 6144
6475, 3584, 6144
6475, 6144, 3072
6475, 160, 6144
9960, 3584, 6144
9960, 6144, 3072
9960, 160, 6144
3361, 3584, 6144
3361, 6144, 3072
3361, 160, 6144
3182, 3584, 6144
3182, 6144, 3072
3182, 160, 6144
3321, 3584, 6144
3321, 6144, 3072
3321, 160, 6144
6581, 3584, 6144
6581, 6144, 3072
6581, 160, 6144
10394, 3584, 6144
10394, 6144, 3072
10394, 160, 6144
3497, 3584, 6144
3497, 6144, 3072
3497, 160, 6144
3303, 3584, 6144
3303, 6144, 3072
3303, 160, 6144
3335, 3584, 6144
3335, 6144, 3072
3335, 160, 6144
6629, 3584, 6144
6629, 6144, 3072
6629, 160, 6144
3145, 3584, 6144
3145, 6144, 3072
3145, 160, 6144
3570, 3584, 6144
3570, 6144, 3072
3570, 160, 6144
3560, 3584, 6144
3560, 6144, 3072
3560, 160, 6144
6352, 3584, 6144
6352, 6144, 3072
6352, 160, 6144
3310, 3584, 6144
3310, 6144, 3072
3310, 160, 6144
13472, 3584, 6144
13472, 6144, 3072
13472, 160, 6144
3287, 3584, 6144
3287, 6144, 3072
3287, 160, 6144
3185, 3584, 6144
3185, 6144, 3072
3185, 160, 6144
12889, 3584, 6144
12889, 6144, 3072
12889, 160, 6144
3305, 3584, 6144
3305, 6144, 3072
3305, 160, 6144
3389, 3584, 6144
3389, 6144, 3072
3389, 160, 6144
3105, 3584, 6144
3105, 6144, 3072
3105, 160, 6144
3472, 3584, 6144
3472, 6144, 3072
3472, 160, 6144
6661, 3584, 6144
6661, 6144, 3072
6661, 160, 6144
3409, 3584, 6144
3409, 6144, 3072
3409, 160, 6144
7044, 3584, 6144
7044, 6144, 3072
7044, 160, 6144
6655, 3584, 6144
6655, 6144, 3072
6655, 160, 6144
3338, 3584, 6144
3338, 6144, 3072
3338, 160, 6144
3379, 3584, 6144
3379, 6144, 3072
3379, 160, 6144
3550, 3584, 6144
3550, 6144, 3072
3550, 160, 6144
3627, 3584, 6144
3627, 6144, 3072
3627, 160, 6144
3488, 3584, 6144
3488, 6144, 3072
3488, 160, 6144
3239, 3584, 6144
3239, 6144, 3072
3239, 160, 6144
6976, 3584, 6144
6976, 6144, 3072
6976, 160, 6144
3590, 3584, 6144
3590, 6144, 3072
3590, 160, 6144
6526, 3584, 6144
6526, 6144, 3072
6526, 160, 6144
3235, 3584, 6144
3235, 6144, 3072
3235, 160, 6144
6845, 3584, 6144
6845, 6144, 3072
6845, 160, 6144
3337, 3584, 6144
3337, 6144, 3072
3337, 160, 6144
3453, 3584, 6144
3453, 6144, 3072
3453, 160, 6144
3202, 3584, 6144
3202, 6144, 3072
3202, 160, 6144
3646, 3584, 6144
3646, 6144, 3072
3646, 160, 6144
3196, 3584, 6144
3196, 6144, 3072
3196, 160, 6144
6595, 3584, 6144
6595, 6144, 3072
6595, 160, 6144
3555, 3584, 6144
3555, 6144, 3072
3555, 160, 6144
3662, 3584, 6144
3662, 6144, 3072
3662, 160, 6144
3459, 3584, 6144
3459, 6144, 3072
3459, 160, 6144
6692, 3584, 6144
6692, 6144, 3072
6692, 160, 6144
3376, 3584, 6144
3376, 6144, 3072
3376, 160, 6144
3418, 3584, 6144
3418, 6144, 3072
3418, 160, 6144
3616, 3584, 6144
3616, 6144, 3072
3616, 160, 6144
3416, 3584, 6144
3416, 6144, 3072
3416, 160, 6144
3465, 3584, 6144
3465, 6144, 3072
3465, 160, 6144
6968, 3584, 6144
6968, 6144, 3072
6968, 160, 6144
3442, 3584, 6144
3442, 6144, 3072
3442, 160, 6144
3270, 3584, 6144
3270, 6144, 3072
3270, 160, 6144
3285, 3584, 6144
3285, 6144, 3072
3285, 160, 6144
3178, 3584, 6144
3178, 6144, 3072
3178, 160, 6144
6672, 3584, 6144
6672, 6144, 3072
6672, 160, 6144
3628, 3584, 6144
3628, 6144, 3072
3628, 160, 6144
3617, 3584, 6144
3617, 6144, 3072
3617, 160, 6144
3264, 3584, 6144
3264, 6144, 3072
3264, 160, 6144
3098, 3584, 6144
3098, 6144, 3072
3098, 160, 6144
6903, 3584, 6144
6903, 6144, 3072
6903, 160, 6144
3576, 3584, 6144
3576, 6144, 3072
3576, 160, 6144
6324, 3584, 6144
6324, 6144, 3072
6324, 160, 6144
3141, 3584, 6144
3141, 6144, 3072
3141, 160, 6144
3689, 3584, 6144
3689, 6144, 3072
3689, 160, 6144
6551, 3584, 6144
6551, 6144, 3072
6551, 160, 6144
3211, 3584, 6144
3211, 6144, 3072
3211, 160, 6144
3515, 3584, 6144
3515, 6144, 3072
3515, 160, 6144
3153, 3584, 6144
3153, 6144, 3072
3153, 160, 6144
3366, 3584, 6144
3366, 6144, 3072
3366, 160, 6144
3260, 3584, 6144
3260, 6144, 3072
3260, 160, 6144
3455, 3584, 6144
3455, 6144, 3072
3455, 160, 6144
6441, 3584, 6144
6441, 6144, 3072
6441, 160, 6144
6753, 3584, 6144
6753, 6144, 3072
6753, 160, 6144
3406, 3584, 6144
3406, 6144, 3072
3406, 160, 6144
3342, 3584, 6144
3342, 6144, 3072
3342, 160, 6144
6538, 3584, 6144
6538, 6144, 3072
6538, 160, 6144
6387, 3584, 6144
6387, 6144, 3072
6387, 160, 6144
6627, 3584, 6144
6627, 6144, 3072
6627, 160, 6144
3405, 3584, 6144
3405, 6144, 3072
3405, 160, 6144
3507, 3584, 6144
3507, 6144, 3072
3507, 160, 6144
3414, 3584, 6144
3414, 6144, 3072
3414, 160, 6144
6569, 3584, 6144
6569, 6144, 3072
6569, 160, 6144
6477, 3584, 6144
6477, 6144, 3072
6477, 160, 6144
3351, 3584, 6144
3351, 6144, 3072
3351, 160, 6144
3532, 3584, 6144
3532, 6144, 3072
3532, 160, 6144
3466, 3584, 6144
3466, 6144, 3072
3466, 160, 6144
3168, 3584, 6144
3168, 6144, 3072
3168, 160, 6144
3622, 3584, 6144
3622, 6144, 3072
3622, 160, 6144
3681, 3584, 6144
3681, 6144, 3072
3681, 160, 6144
3574, 3584, 6144
3574, 6144, 3072
3574, 160, 6144
3371, 3584, 6144
3371, 6144, 3072
3371, 160, 6144
3238, 3584, 6144
3238, 6144, 3072
3238, 160, 6144
6817, 3584, 6144
6817, 6144, 3072
6817, 160, 6144
3504, 3584, 6144
3504, 6144, 3072
3504, 160, 6144
3398, 3584, 6144
3398, 6144, 3072
3398, 160, 6144
3417, 3584, 6144
3417, 6144, 3072
3417, 160, 6144
3457, 3584, 6144
3457, 6144, 3072
3457, 160, 6144
3208, 3584, 6144
3208, 6144, 3072
3208, 160, 6144
93, 37984, 6144
92, 37984, 6144
91, 37984, 6144
90, 37984, 6144
89, 37984, 6144
88, 37984, 6144
86, 37984, 6144
85, 37984, 6144
84, 37984, 6144
82, 37984, 6144
81, 37984, 6144
72, 37984, 6144
44, 37984, 6144
34, 37984, 6144
22, 37984, 6144
19, 37984, 6144
16, 37984, 6144
988, 3584, 6144
988, 6144, 3072
988, 160, 6144
36263, 3584, 6144
36263, 6144, 3072
36263, 160, 6144
123, 37984, 6144
205, 37984, 6144
45823, 3584, 6144
45823, 6144, 3072
45823, 160, 6144
256, 37984, 6144
255, 37984, 6144
1058, 3584, 6144
1058, 6144, 3072
1058, 160, 6144
1162, 3584, 6144
1162, 6144, 3072
1162, 160, 6144
1180, 3584, 6144
1180, 6144, 3072
1180, 160, 6144
1158, 3584, 6144
1158, 6144, 3072
1158, 160, 6144
1138, 3584, 6144
1138, 6144, 3072
1138, 160, 6144
254, 37984, 6144
1157, 3584, 6144
1157, 6144, 3072
1157, 160, 6144
1173, 3584, 6144
1173, 6144, 3072
1173, 160, 6144
1251, 3584, 6144
1251, 6144, 3072
1251, 160, 6144
253, 37984, 6144
2001, 3584, 6144
2001, 6144, 3072
2001, 160, 6144
1178, 3584, 6144
1178, 6144, 3072
1178, 160, 6144
1148, 3584, 6144
1148, 6144, 3072
1148, 160, 6144
1205, 3584, 6144
1205, 6144, 3072
1205, 160, 6144
1119, 3584, 6144
1119, 6144, 3072
1119, 160, 6144
1230, 3584, 6144
1230, 6144, 3072
1230, 160, 6144
2097, 3584, 6144
2097, 6144, 3072
2097, 160, 6144
1102, 3584, 6144
1102, 6144, 3072
1102, 160, 6144
1215, 3584, 6144
1215, 6144, 3072
1215, 160, 6144
1188, 3584, 6144
1188, 6144, 3072
1188, 160, 6144
1218, 3584, 6144
1218, 6144, 3072
1218, 160, 6144
1996, 3584, 6144
1996, 6144, 3072
1996, 160, 6144
1101, 3584, 6144
1101, 6144, 3072
1101, 160, 6144
1142, 3584, 6144
1142, 6144, 3072
1142, 160, 6144
1207, 3584, 6144
1207, 6144, 3072
1207, 160, 6144
2084, 3584, 6144
2084, 6144, 3072
2084, 160, 6144
1133, 3584, 6144
1133, 6144, 3072
1133, 160, 6144
2005, 3584, 6144
2005, 6144, 3072
2005, 160, 6144
2128, 3584, 6144
2128, 6144, 3072
2128, 160, 6144
1116, 3584, 6144
1116, 6144, 3072
1116, 160, 6144
1186, 3584, 6144
1186, 6144, 3072
1186, 160, 6144
1963, 3584, 6144
1963, 6144, 3072
1963, 160, 6144
1087, 3584, 6144
1087, 6144, 3072
1087, 160, 6144
2080, 3584, 6144
2080, 6144, 3072
2080, 160, 6144
1147, 3584, 6144
1147, 6144, 3072
1147, 160, 6144
252, 37984, 6144
2836, 3584, 6144
2836, 6144, 3072
2836, 160, 6144
2034, 3584, 6144
2034, 6144, 3072
2034, 160, 6144
1151, 3584, 6144
1151, 6144, 3072
1151, 160, 6144
2010, 3584, 6144
2010, 6144, 3072
2010, 160, 6144
2026, 3584, 6144
2026, 6144, 3072
2026, 160, 6144
1109, 3584, 6144
1109, 6144, 3072
1109, 160, 6144
1095, 3584, 6144
1095, 6144, 3072
1095, 160, 6144
2028, 3584, 6144
2028, 6144, 3072
2028, 160, 6144
2063, 3584, 6144
2063, 6144, 3072
2063, 160, 6144
1189, 3584, 6144
1189, 6144, 3072
1189, 160, 6144
1090, 3584, 6144
1090, 6144, 3072
1090, 160, 6144
2029, 3584, 6144
2029, 6144, 3072
2029, 160, 6144
1995, 3584, 6144
1995, 6144, 3072
1995, 160, 6144
1172, 3584, 6144
1172, 6144, 3072
1172, 160, 6144
3064, 3584, 6144
3064, 6144, 3072
3064, 160, 6144
1118, 3584, 6144
1118, 6144, 3072
1118, 160, 6144
2852, 3584, 6144
2852, 6144, 3072
2852, 160, 6144
1135, 3584, 6144
1135, 6144, 3072
1135, 160, 6144
1160, 3584, 6144
1160, 6144, 3072
1160, 160, 6144
1182, 3584, 6144
1182, 6144, 3072
1182, 160, 6144
1170, 3584, 6144
1170, 6144, 3072
1170, 160, 6144
1941, 3584, 6144
1941, 6144, 3072
1941, 160, 6144
1222, 3584, 6144
1222, 6144, 3072
1222, 160, 6144
1117, 3584, 6144
1117, 6144, 3072
1117, 160, 6144
2796, 3584, 6144
2796, 6144, 3072
2796, 160, 6144
1128, 3584, 6144
1128, 6144, 3072
1128, 160, 6144
2057, 3584, 6144
2057, 6144, 3072
2057, 160, 6144
251, 37984, 6144
3948, 3584, 6144
3948, 6144, 3072
3948, 160, 6144
1153, 3584, 6144
1153, 6144, 3072
1153, 160, 6144
1159, 3584, 6144
1159, 6144, 3072
1159, 160, 6144
2021, 3584, 6144
2021, 6144, 3072
2021, 160, 6144
1981, 3584, 6144
1981, 6144, 3072
1981, 160, 6144
1166, 3584, 6144
1166, 6144, 3072
1166, 160, 6144
2044, 3584, 6144
2044, 6144, 3072
2044, 160, 6144
1141, 3584, 6144
1141, 6144, 3072
1141, 160, 6144
1177, 3584, 6144
1177, 6144, 3072
1177, 160, 6144
1184, 3584, 6144
1184, 6144, 3072
1184, 160, 6144
1076, 3584, 6144
1076, 6144, 3072
1076, 160, 6144
2083, 3584, 6144
2083, 6144, 3072
2083, 160, 6144
1986, 3584, 6144
1986, 6144, 3072
1986, 160, 6144
2002, 3584, 6144
2002, 6144, 3072
2002, 160, 6144
1921, 3584, 6144
1921, 6144, 3072
1921, 160, 6144
1080, 3584, 6144
1080, 6144, 3072
1080, 160, 6144
1234, 3584, 6144
1234, 6144, 3072
1234, 160, 6144
1143, 3584, 6144
1143, 6144, 3072
1143, 160, 6144
1073, 3584, 6144
1073, 6144, 3072
1073, 160, 6144
1139, 3584, 6144
1139, 6144, 3072
1139, 160, 6144
1112, 3584, 6144
1112, 6144, 3072
1112, 160, 6144
1194, 3584, 6144
1194, 6144, 3072
1194, 160, 6144
2182, 3584, 6144
2182, 6144, 3072
2182, 160, 6144
1195, 3584, 6144
1195, 6144, 3072
1195, 160, 6144
1121, 3584, 6144
1121, 6144, 3072
1121, 160, 6144
1097, 3584, 6144
1097, 6144, 3072
1097, 160, 6144
2108, 3584, 6144
2108, 6144, 3072
2108, 160, 6144
1062, 3584, 6144
1062, 6144, 3072
1062, 160, 6144
2045, 3584, 6144
2045, 6144, 3072
2045, 160, 6144
1111, 3584, 6144
1111, 6144, 3072
1111, 160, 6144
1081, 3584, 6144
1081, 6144, 3072
1081, 160, 6144
1191, 3584, 6144
1191, 6144, 3072
1191, 160, 6144
3009, 3584, 6144
3009, 6144, 3072
3009, 160, 6144
2106, 3584, 6144
2106, 6144, 3072
2106, 160, 6144
2133, 3584, 6144
2133, 6144, 3072
2133, 160, 6144
2186, 3584, 6144
2186, 6144, 3072
2186, 160, 6144
1183, 3584, 6144
1183, 6144, 3072
1183, 160, 6144
1146, 3584, 6144
1146, 6144, 3072
1146, 160, 6144
2101, 3584, 6144
2101, 6144, 3072
2101, 160, 6144
1127, 3584, 6144
1127, 6144, 3072
1127, 160, 6144
2938, 3584, 6144
2938, 6144, 3072
2938, 160, 6144
2019, 3584, 6144
2019, 6144, 3072
2019, 160, 6144
2087, 3584, 6144
2087, 6144, 3072
2087, 160, 6144
250, 37984, 6144
2871, 3584, 6144
2871, 6144, 3072
2871, 160, 6144
2996, 3584, 6144
2996, 6144, 3072
2996, 160, 6144
2065, 3584, 6144
2065, 6144, 3072
2065, 160, 6144
1962, 3584, 6144
1962, 6144, 3072
1962, 160, 6144
2042, 3584, 6144
2042, 6144, 3072
2042, 160, 6144
2082, 3584, 6144
2082, 6144, 3072
2082, 160, 6144
1131, 3584, 6144
1131, 6144, 3072
1131, 160, 6144
1164, 3584, 6144
1164, 6144, 3072
1164, 160, 6144
3763, 3584, 6144
3763, 6144, 3072
3763, 160, 6144
1104, 3584, 6144
1104, 6144, 3072
1104, 160, 6144
2022, 3584, 6144
2022, 6144, 3072
2022, 160, 6144
2188, 3584, 6144
2188, 6144, 3072
2188, 160, 6144
1110, 3584, 6144
1110, 6144, 3072
1110, 160, 6144
1210, 3584, 6144
1210, 6144, 3072
1210, 160, 6144
1176, 3584, 6144
1176, 6144, 3072
1176, 160, 6144
1196, 3584, 6144
1196, 6144, 3072
1196, 160, 6144
1229, 3584, 6144
1229, 6144, 3072
1229, 160, 6144
1149, 3584, 6144
1149, 6144, 3072
1149, 160, 6144
1982, 3584, 6144
1982, 6144, 3072
1982, 160, 6144
2168, 3584, 6144
2168, 6144, 3072
2168, 160, 6144
3735, 3584, 6144
3735, 6144, 3072
3735, 160, 6144
1150, 3584, 6144
1150, 6144, 3072
1150, 160, 6144
1175, 3584, 6144
1175, 6144, 3072
1175, 160, 6144
1154, 3584, 6144
1154, 6144, 3072
1154, 160, 6144
1208, 3584, 6144
1208, 6144, 3072
1208, 160, 6144
1942, 3584, 6144
1942, 6144, 3072
1942, 160, 6144
1914, 3584, 6144
1914, 6144, 3072
1914, 160, 6144
1219, 3584, 6144
1219, 6144, 3072
1219, 160, 6144
1198, 3584, 6144
1198, 6144, 3072
1198, 160, 6144
1088, 3584, 6144
1088, 6144, 3072
1088, 160, 6144
1055, 3584, 6144
1055, 6144, 3072
1055, 160, 6144
1179, 3584, 6144
1179, 6144, 3072
1179, 160, 6144
1167, 3584, 6144
1167, 6144, 3072
1167, 160, 6144
1240, 3584, 6144
1240, 6144, 3072
1240, 160, 6144
1070, 3584, 6144
1070, 6144, 3072
1070, 160, 6144
2169, 3584, 6144
2169, 6144, 3072
2169, 160, 6144
1197, 3584, 6144
1197, 6144, 3072
1197, 160, 6144
1174, 3584, 6144
1174, 6144, 3072
1174, 160, 6144
1155, 3584, 6144
1155, 6144, 3072
1155, 160, 6144
1956, 3584, 6144
1956, 6144, 3072
1956, 160, 6144
1140, 3584, 6144
1140, 6144, 3072
1140, 160, 6144
1145, 3584, 6144
1145, 6144, 3072
1145, 160, 6144
1243, 3584, 6144
1243, 6144, 3072
1243, 160, 6144
1203, 3584, 6144
1203, 6144, 3072
1203, 160, 6144
1247, 3584, 6144
1247, 6144, 3072
1247, 160, 6144
1105, 3584, 6144
1105, 6144, 3072
1105, 160, 6144
1202, 3584, 6144
1202, 6144, 3072
1202, 160, 6144
1227, 3584, 6144
1227, 6144, 3072
1227, 160, 6144
1192, 3584, 6144
1192, 6144, 3072
1192, 160, 6144
2144, 3584, 6144
2144, 6144, 3072
2144, 160, 6144
2129, 3584, 6144
2129, 6144, 3072
2129, 160, 6144
1082, 3584, 6144
1082, 6144, 3072
1082, 160, 6144
1156, 3584, 6144
1156, 6144, 3072
1156, 160, 6144
1231, 3584, 6144
1231, 6144, 3072
1231, 160, 6144
1225, 3584, 6144
1225, 6144, 3072
1225, 160, 6144
2079, 3584, 6144
2079, 6144, 3072
2079, 160, 6144
1108, 3584, 6144
1108, 6144, 3072
1108, 160, 6144
1054, 3584, 6144
1054, 6144, 3072
1054, 160, 6144
1161, 3584, 6144
1161, 6144, 3072
1161, 160, 6144
1213, 3584, 6144
1213, 6144, 3072
1213, 160, 6144
1211, 3584, 6144
1211, 6144, 3072
1211, 160, 6144
2017, 3584, 6144
2017, 6144, 3072
2017, 160, 6144
1083, 3584, 6144
1083, 6144, 3072
1083, 160, 6144
1069, 3584, 6144
1069, 6144, 3072
1069, 160, 6144
1968, 3584, 6144
1968, 6144, 3072
1968, 160, 6144
1074, 3584, 6144
1074, 6144, 3072
1074, 160, 6144
2047, 3584, 6144
2047, 6144, 3072
2047, 160, 6144
1092, 3584, 6144
1092, 6144, 3072
1092, 160, 6144
2075, 3584, 6144
2075, 6144, 3072
2075, 160, 6144
2037, 3584, 6144
2037, 6144, 3072
2037, 160, 6144
1997, 3584, 6144
1997, 6144, 3072
1997, 160, 6144
1991, 3584, 6144
1991, 6144, 3072
1991, 160, 6144
1066, 3584, 6144
1066, 6144, 3072
1066, 160, 6144
2040, 3584, 6144
2040, 6144, 3072
2040, 160, 6144
1071, 3584, 6144
1071, 6144, 3072
1071, 160, 6144
3885, 3584, 6144
3885, 6144, 3072
3885, 160, 6144
1126, 3584, 6144
1126, 6144, 3072
1126, 160, 6144
1137, 3584, 6144
1137, 6144, 3072
1137, 160, 6144
3782, 3584, 6144
3782, 6144, 3072
3782, 160, 6144
1228, 3584, 6144
1228, 6144, 3072
1228, 160, 6144
2102, 3584, 6144
2102, 6144, 3072
2102, 160, 6144
1214, 3584, 6144
1214, 6144, 3072
1214, 160, 6144
2111, 3584, 6144
2111, 6144, 3072
2111, 160, 6144
1171, 3584, 6144
1171, 6144, 3072
1171, 160, 6144
1242, 3584, 6144
1242, 6144, 3072
1242, 160, 6144
2076, 3584, 6144
2076, 6144, 3072
2076, 160, 6144
1093, 3584, 6144
1093, 6144, 3072
1093, 160, 6144
1249, 3584, 6144
1249, 6144, 3072
1249, 160, 6144
2110, 3584, 6144
2110, 6144, 3072
2110, 160, 6144
2220, 3584, 6144
2220, 6144, 3072
2220, 160, 6144
1199, 3584, 6144
1199, 6144, 3072
1199, 160, 6144
1193, 3584, 6144
1193, 6144, 3072
1193, 160, 6144
1200, 3584, 6144
1200, 6144, 3072
1200, 160, 6144
1169, 3584, 6144
1169, 6144, 3072
1169, 160, 6144
1094, 3584, 6144
1094, 6144, 3072
1094, 160, 6144
2994, 3584, 6144
2994, 6144, 3072
2994, 160, 6144
3015, 3584, 6144
3015, 6144, 3072
3015, 160, 6144
2105, 3584, 6144
2105, 6144, 3072
2105, 160, 6144
2039, 3584, 6144
2039, 6144, 3072
2039, 160, 6144
2955, 3584, 6144
2955, 6144, 3072
2955, 160, 6144
2070, 3584, 6144
2070, 6144, 3072
2070, 160, 6144
1099, 3584, 6144
1099, 6144, 3072
1099, 160, 6144
1078, 3584, 6144
1078, 6144, 3072
1078, 160, 6144
2089, 3584, 6144
2089, 6144, 3072
2089, 160, 6144
1106, 3584, 6144
1106, 6144, 3072
1106, 160, 6144
1130, 3584, 6144
1130, 6144, 3072
1130, 160, 6144
2099, 3584, 6144
2099, 6144, 3072
2099, 160, 6144
1939, 3584, 6144
1939, 6144, 3072
1939, 160, 6144
1132, 3584, 6144
1132, 6144, 3072
1132, 160, 6144
1129, 3584, 6144
1129, 6144, 3072
1129, 160, 6144
1248, 3584, 6144
1248, 6144, 3072
1248, 160, 6144
1994, 3584, 6144
1994, 6144, 3072
1994, 160, 6144
2043, 3584, 6144
2043, 6144, 3072
2043, 160, 6144
2033, 3584, 6144
2033, 6144, 3072
2033, 160, 6144
2109, 3584, 6144
2109, 6144, 3072
2109, 160, 6144
1122, 3584, 6144
1122, 6144, 3072
1122, 160, 6144
1100, 3584, 6144
1100, 6144, 3072
1100, 160, 6144
1113, 3584, 6144
1113, 6144, 3072
1113, 160, 6144
2027, 3584, 6144
2027, 6144, 3072
2027, 160, 6144
1136, 3584, 6144
1136, 6144, 3072
1136, 160, 6144
2870, 3584, 6144
2870, 6144, 3072
2870, 160, 6144
1998, 3584, 6144
1998, 6144, 3072
1998, 160, 6144
1232, 3584, 6144
1232, 6144, 3072
1232, 160, 6144
2000, 3584, 6144
2000, 6144, 3072
2000, 160, 6144
1992, 3584, 6144
1992, 6144, 3072
1992, 160, 6144
3019, 3584, 6144
3019, 6144, 3072
3019, 160, 6144
3065, 3584, 6144
3065, 6144, 3072
3065, 160, 6144
1966, 3584, 6144
1966, 6144, 3072
1966, 160, 6144
1168, 3584, 6144
1168, 6144, 3072
1168, 160, 6144
2064, 3584, 6144
2064, 6144, 3072
2064, 160, 6144
1125, 3584, 6144
1125, 6144, 3072
1125, 160, 6144
2149, 3584, 6144
2149, 6144, 3072
2149, 160, 6144
2054, 3584, 6144
2054, 6144, 3072
2054, 160, 6144
1084, 3584, 6144
1084, 6144, 3072
1084, 160, 6144
1075, 3584, 6144
1075, 6144, 3072
1075, 160, 6144
1185, 3584, 6144
1185, 6144, 3072
1185, 160, 6144
1124, 3584, 6144
1124, 6144, 3072
1124, 160, 6144
249, 37984, 6144
248, 37984, 6144
247, 37984, 6144
246, 37984, 6144
245, 37984, 6144
244, 37984, 6144
243, 37984, 6144
242, 37984, 6144
241, 37984, 6144
240, 37984, 6144
239, 37984, 6144
238, 37984, 6144
237, 37984, 6144
236, 37984, 6144
235, 37984, 6144
234, 37984, 6144
233, 37984, 6144
232, 37984, 6144
230, 37984, 6144
229, 37984, 6144
227, 37984, 6144
225, 37984, 6144
224, 37984, 6144
223, 37984, 6144
221, 37984, 6144
220, 37984, 6144
218, 37984, 6144
217, 37984, 6144
216, 37984, 6144
214, 37984, 6144
213, 37984, 6144
212, 37984, 6144
211, 37984, 6144
210, 37984, 6144
209, 37984, 6144
207, 37984, 6144
204, 37984, 6144
203, 37984, 6144
202, 37984, 6144
199, 37984, 6144
198, 37984, 6144
197, 37984, 6144
196, 37984, 6144
195, 37984, 6144
194, 37984, 6144
193, 37984, 6144
192, 37984, 6144
191, 37984, 6144
190, 37984, 6144
189, 37984, 6144
188, 37984, 6144
187, 37984, 6144
186, 37984, 6144
185, 37984, 6144
184, 37984, 6144
183, 37984, 6144
182, 37984, 6144
180, 37984, 6144
179, 37984, 6144
177, 37984, 6144
176, 37984, 6144
173, 37984, 6144
172, 37984, 6144
170, 37984, 6144
169, 37984, 6144
167, 37984, 6144
166, 37984, 6144
165, 37984, 6144
163, 37984, 6144
162, 37984, 6144
161, 37984, 6144
160, 37984, 6144
158, 37984, 6144
156, 37984, 6144
155, 37984, 6144
154, 37984, 6144
153, 37984, 6144
152, 37984, 6144
151, 37984, 6144
150, 37984, 6144
148, 37984, 6144
147, 37984, 6144
146, 37984, 6144
144, 37984, 6144
142, 37984, 6144
141, 37984, 6144
140, 37984, 6144
139, 37984, 6144
138, 37984, 6144
136, 37984, 6144
135, 37984, 6144
133, 37984, 6144
132, 37984, 6144
131, 37984, 6144
130, 37984, 6144
129, 37984, 6144
128, 37984, 6144
127, 37984, 6144
126, 37984, 6144
125, 37984, 6144
124, 37984, 6144
121, 37984, 6144
120, 37984, 6144
119, 37984, 6144
118, 37984, 6144
116, 37984, 6144
114, 37984, 6144
113, 37984, 6144
112, 37984, 6144
111, 37984, 6144
110, 37984, 6144
109, 37984, 6144
108, 37984, 6144
107, 37984, 6144
104, 37984, 6144
102, 37984, 6144
87, 37984, 6144
83, 37984, 6144
73728, 160, 6144
2048, 37984, 6144
512, 160, 6144
496, 160, 6144
480, 160, 6144
464, 160, 6144
448, 160, 6144
432, 160, 6144
416, 160, 6144
400, 160, 6144
384, 160, 6144
368, 160, 6144
352, 160, 6144
336, 160, 6144
320, 160, 6144
304, 160, 6144
288, 160, 6144
272, 160, 6144
256, 3584, 6144
256, 6144, 3072
256, 160, 6144
248, 3584, 6144
248, 6144, 3072
248, 160, 6144
240, 3584, 6144
240, 6144, 3072
240, 160, 6144
232, 3584, 6144
232, 6144, 3072
232, 160, 6144
224, 3584, 6144
224, 6144, 3072
224, 160, 6144
216, 3584, 6144
216, 6144, 3072
216, 160, 6144
208, 3584, 6144
208, 6144, 3072
208, 160, 6144
200, 3584, 6144
200, 6144, 3072
200, 160, 6144
192, 3584, 6144
192, 6144, 3072
192, 160, 6144
184, 3584, 6144
184, 6144, 3072
184, 160, 6144
176, 3584, 6144
176, 6144, 3072
176, 160, 6144
168, 3584, 6144
168, 6144, 3072
168, 160, 6144
160, 3584, 6144
160, 6144, 3072
160, 160, 6144
152, 3584, 6144
152, 6144, 3072
152, 160, 6144
144, 3584, 6144
144, 6144, 3072
144, 160, 6144
136, 3584, 6144
136, 6144, 3072
136, 160, 6144
128, 3584, 6144
128, 6144, 3072
128, 160, 6144
120, 3584, 6144
120, 6144, 3072
120, 160, 6144
112, 3584, 6144
112, 6144, 3072
112, 160, 6144
104, 3584, 6144
104, 6144, 3072
104, 160, 6144
96, 3584, 6144
96, 6144, 3072
96, 160, 6144
88, 3584, 6144
88, 6144, 3072
88, 160, 6144
80, 3584, 6144
80, 6144, 3072
80, 160, 6144
72, 3584, 6144
72, 6144, 3072
72, 160, 6144
64, 3584, 6144
64, 6144, 3072
64, 160, 6144
56, 3584, 6144
56, 6144, 3072
56, 160, 6144
48, 3584, 6144
48, 6144, 3072
48, 160, 6144
40, 3584, 6144
40, 6144, 3072
40, 160, 6144
32, 3584, 6144
32, 6144, 3072
32, 160, 6144
24, 3584, 6144
24, 6144, 3072
24, 160, 6144
16, 3584, 6144
16, 6144, 3072
16, 160, 6144
8, 3584, 6144
8, 6144, 3072
8, 160, 6144
4, 3584, 6144
4, 6144, 3072
4, 160, 6144
2, 3584, 6144
2, 6144, 3072
2, 160, 6144
1, 3584, 6144
1, 6144, 3072
1, 160, 6144
2048, 160, 6144
19762, 3584, 6144
19762, 6144, 3072
19762, 160, 6144
6, 37984, 6144
10, 37984, 6144
14, 37984, 6144
56867, 3584, 6144
56867, 6144, 3072
56867, 160, 6144
16, 37984, 6144
15, 37984, 6144
17807, 3584, 6144
17807, 6144, 3072
17807, 160, 6144
18320, 3584, 6144
18320, 6144, 3072
18320, 160, 6144
17154, 3584, 6144
17154, 6144, 3072
17154, 160, 6144
18662, 3584, 6144
18662, 6144, 3072
18662, 160, 6144
18867, 3584, 6144
18867, 6144, 3072
18867, 160, 6144
17269, 3584, 6144
17269, 6144, 3072
17269, 160, 6144
34602, 3584, 6144
34602, 6144, 3072
34602, 160, 6144
17823, 3584, 6144
17823, 6144, 3072
17823, 160, 6144
19547, 3584, 6144
19547, 6144, 3072
19547, 160, 6144
19482, 3584, 6144
19482, 6144, 3072
19482, 160, 6144
18166, 3584, 6144
18166, 6144, 3072
18166, 160, 6144
18387, 3584, 6144
18387, 6144, 3072
18387, 160, 6144
17121, 3584, 6144
17121, 6144, 3072
17121, 160, 6144
16030, 3584, 6144
16030, 6144, 3072
16030, 160, 6144
17663, 3584, 6144
17663, 6144, 3072
17663, 160, 6144
19777, 3584, 6144
19777, 6144, 3072
19777, 160, 6144
18411, 3584, 6144
18411, 6144, 3072
18411, 160, 6144
18988, 3584, 6144
18988, 6144, 3072
18988, 160, 6144
19874, 3584, 6144
19874, 6144, 3072
19874, 160, 6144
17030, 3584, 6144
17030, 6144, 3072
17030, 160, 6144
18960, 3584, 6144
18960, 6144, 3072
18960, 160, 6144
17858, 3584, 6144
17858, 6144, 3072
17858, 160, 6144
17907, 3584, 6144
17907, 6144, 3072
17907, 160, 6144
18419, 3584, 6144
18419, 6144, 3072
18419, 160, 6144
18149, 3584, 6144
18149, 6144, 3072
18149, 160, 6144
19460, 3584, 6144
19460, 6144, 3072
19460, 160, 6144
18771, 3584, 6144
18771, 6144, 3072
18771, 160, 6144
18127, 3584, 6144
18127, 6144, 3072
18127, 160, 6144
18448, 3584, 6144
18448, 6144, 3072
18448, 160, 6144
18344, 3584, 6144
18344, 6144, 3072
18344, 160, 6144
19501, 3584, 6144
19501, 6144, 3072
19501, 160, 6144
13, 37984, 6144
12, 37984, 6144
11, 37984, 6144
9, 37984, 6144
8, 37984, 6144
7, 37984, 6144
5, 37984, 6144
3265, 160, 6144
17, 37984, 6144
71536, 3584, 6144
71536, 6144, 3072
71536, 160, 6144
20, 37984, 6144
19, 37984, 6144
18871, 3584, 6144
18871, 6144, 3072
18871, 160, 6144
17275, 3584, 6144
17275, 6144, 3072
17275, 160, 6144
18, 37984, 6144
34605, 3584, 6144
34605, 6144, 3072
34605, 160, 6144
17827, 3584, 6144
17827, 6144, 3072
17827, 160, 6144
19550, 3584, 6144
19550, 6144, 3072
19550, 160, 6144
19487, 3584, 6144
19487, 6144, 3072
19487, 160, 6144
18167, 3584, 6144
18167, 6144, 3072
18167, 160, 6144
35496, 3584, 6144
35496, 6144, 3072
35496, 160, 6144
16034, 3584, 6144
16034, 6144, 3072
16034, 160, 6144
17667, 3584, 6144
17667, 6144, 3072
17667, 160, 6144
18170, 3584, 6144
18170, 6144, 3072
18170, 160, 6144
19245, 3584, 6144
19245, 6144, 3072
19245, 160, 6144
36824, 3584, 6144
36824, 6144, 3072
36824, 160, 6144
17705, 3584, 6144
17705, 6144, 3072
17705, 160, 6144
16967, 3584, 6144
16967, 6144, 3072
16967, 160, 6144
16594, 3584, 6144
16594, 6144, 3072
16594, 160, 6144
16311, 3584, 6144
16311, 6144, 3072
16311, 160, 6144
38175, 3584, 6144
38175, 6144, 3072
38175, 160, 6144
18992, 3584, 6144
18992, 6144, 3072
18992, 160, 6144
19878, 3584, 6144
19878, 6144, 3072
19878, 160, 6144
17034, 3584, 6144
17034, 6144, 3072
17034, 160, 6144
18963, 3584, 6144
18963, 6144, 3072
18963, 160, 6144
17862, 3584, 6144
17862, 6144, 3072
17862, 160, 6144
36314, 3584, 6144
36314, 6144, 3072
36314, 160, 6144
18153, 3584, 6144
18153, 6144, 3072
18153, 160, 6144
19464, 3584, 6144
19464, 6144, 3072
19464, 160, 6144
18774, 3584, 6144
18774, 6144, 3072
18774, 160, 6144
18131, 3584, 6144
18131, 6144, 3072
18131, 160, 6144
18452, 3584, 6144
18452, 6144, 3072
18452, 160, 6144
18348, 3584, 6144
18348, 6144, 3072
18348, 160, 6144
19505, 3584, 6144
19505, 6144, 3072
19505, 160, 6144
17810, 3584, 6144
17810, 6144, 3072
17810, 160, 6144
18325, 3584, 6144
18325, 6144, 3072
18325, 160, 6144
17158, 3584, 6144
17158, 6144, 3072
17158, 160, 6144
18667, 3584, 6144
18667, 6144, 3072
18667, 160, 6144
18396, 3584, 6144
18396, 6144, 3072
18396, 160, 6144
21, 37984, 6144
53391, 3584, 6144
53391, 6144, 3072
53391, 160, 6144
24, 37984, 6144
23, 37984, 6144
17831, 3584, 6144
17831, 6144, 3072
17831, 160, 6144
19555, 3584, 6144
19555, 6144, 3072
19555, 160, 6144
19491, 3584, 6144
19491, 6144, 3072
19491, 160, 6144
18174, 3584, 6144
18174, 6144, 3072
18174, 160, 6144
22, 37984, 6144
35500, 3584, 6144
35500, 6144, 3072
35500, 160, 6144
16038, 3584, 6144
16038, 6144, 3072
16038, 160, 6144
17669, 3584, 6144
17669, 6144, 3072
17669, 160, 6144
18173, 3584, 6144
18173, 6144, 3072
18173, 160, 6144
19249, 3584, 6144
19249, 6144, 3072
19249, 160, 6144
36827, 3584, 6144
36827, 6144, 3072
36827, 160, 6144
17709, 3584, 6144
17709, 6144, 3072
17709, 160, 6144
16971, 3584, 6144
16971, 6144, 3072
16971, 160, 6144
16598, 3584, 6144
16598, 6144, 3072
16598, 160, 6144
16315, 3584, 6144
16315, 6144, 3072
16315, 160, 6144
19963, 3584, 6144
19963, 6144, 3072
19963, 160, 6144
17503, 3584, 6144
17503, 6144, 3072
17503, 160, 6144
34324, 3584, 6144
34324, 6144, 3072
34324, 160, 6144
18791, 3584, 6144
18791, 6144, 3072
18791, 160, 6144
16403, 3584, 6144
16403, 6144, 3072
16403, 160, 6144
17798, 3584, 6144
17798, 6144, 3072
17798, 160, 6144
17119, 3584, 6144
17119, 6144, 3072
17119, 160, 6144
19785, 3584, 6144
19785, 6144, 3072
19785, 160, 6144
18995, 3584, 6144
18995, 6144, 3072
18995, 160, 6144
19881, 3584, 6144
19881, 6144, 3072
19881, 160, 6144
17038, 3584, 6144
17038, 6144, 3072
17038, 160, 6144
18968, 3584, 6144
18968, 6144, 3072
18968, 160, 6144
17866, 3584, 6144
17866, 6144, 3072
17866, 160, 6144
17915, 3584, 6144
17915, 6144, 3072
17915, 160, 6144
18427, 3584, 6144
18427, 6144, 3072
18427, 160, 6144
18157, 3584, 6144
18157, 6144, 3072
18157, 160, 6144
19469, 3584, 6144
19469, 6144, 3072
19469, 160, 6144
18779, 3584, 6144
18779, 6144, 3072
18779, 160, 6144
18135, 3584, 6144
18135, 6144, 3072
18135, 160, 6144
18456, 3584, 6144
18456, 6144, 3072
18456, 160, 6144
18352, 3584, 6144
18352, 6144, 3072
18352, 160, 6144
37300, 3584, 6144
37300, 6144, 3072
37300, 160, 6144
18329, 3584, 6144
18329, 6144, 3072
18329, 160, 6144
17162, 3584, 6144
17162, 6144, 3072
17162, 160, 6144
18671, 3584, 6144
18671, 6144, 3072
18671, 160, 6144
18874, 3584, 6144
18874, 6144, 3072
18874, 160, 6144
17279, 3584, 6144
17279, 6144, 3072
17279, 160, 6144
16567, 3584, 6144
16567, 6144, 3072
16567, 160, 6144
18067, 3584, 6144
18067, 6144, 3072
18067, 160, 6144
988, 160, 6144
43463, 3584, 6144
43463, 6144, 3072
43463, 160, 6144
49, 37984, 6144
131, 37984, 6144
213, 37984, 6144
38647, 3584, 6144
38647, 6144, 3072
38647, 160, 6144
256, 37984, 6144
255, 37984, 6144
1058, 160, 6144
254, 37984, 6144
2087, 160, 6144
1158, 160, 6144
1138, 160, 6144
1157, 160, 6144
1173, 160, 6144
1251, 160, 6144
253, 37984, 6144
2001, 160, 6144
1178, 160, 6144
1148, 160, 6144
2070, 160, 6144
1230, 160, 6144
2097, 160, 6144
1102, 160, 6144
1215, 160, 6144
1188, 160, 6144
1218, 160, 6144
1996, 160, 6144
1101, 160, 6144
1142, 160, 6144
1207, 160, 6144
2084, 160, 6144
1133, 160, 6144
2005, 160, 6144
1234, 160, 6144
2010, 160, 6144
1187, 160, 6144
1130, 160, 6144
1087, 160, 6144
2080, 160, 6144
2100, 3584, 6144
2100, 6144, 3072
2100, 160, 6144
251, 37984, 6144
2835, 3584, 6144
2835, 6144, 3072
2835, 160, 6144
2054, 160, 6144
1151, 160, 6144
1117, 160, 6144
2026, 160, 6144
1107, 160, 6144
1095, 160, 6144
2028, 160, 6144
2063, 160, 6144
1190, 160, 6144
1091, 160, 6144
2021, 160, 6144
1065, 160, 6144
1172, 160, 6144
252, 37984, 6144
1116, 160, 6144
3064, 160, 6144
1118, 160, 6144
2852, 160, 6144
1134, 160, 6144
1160, 160, 6144
2099, 160, 6144
1942, 160, 6144
1221, 160, 6144
1982, 160, 6144
1930, 160, 6144
2003, 160, 6144
1181, 160, 6144
3912, 3584, 6144
3912, 6144, 3072
3912, 160, 6144
1159, 160, 6144
1981, 160, 6144
1166, 160, 6144
2044, 160, 6144
1141, 160, 6144
1153, 160, 6144
1177, 160, 6144
1184, 160, 6144
1076, 160, 6144
1985, 160, 6144
1971, 160, 6144
1103, 160, 6144
1079, 160, 6144
1235, 160, 6144
1161, 160, 6144
1182, 160, 6144
1143, 160, 6144
1955, 160, 6144
1139, 160, 6144
1111, 160, 6144
3122, 3584, 6144
3122, 6144, 3072
3122, 160, 6144
1195, 160, 6144
1123, 160, 6144
2107, 3584, 6144
2107, 6144, 3072
2107, 160, 6144
1192, 160, 6144
2045, 160, 6144
1081, 160, 6144
1191, 160, 6144
3009, 160, 6144
2106, 160, 6144
3159, 3584, 6144
3159, 6144, 3072
3159, 160, 6144
1183, 160, 6144
1145, 160, 6144
1156, 160, 6144
2069, 3584, 6144
2069, 6144, 3072
2069, 160, 6144
1164, 160, 6144
1127, 160, 6144
2938, 160, 6144
2020, 160, 6144
249, 37984, 6144
4808, 3584, 6144
4808, 6144, 3072
4808, 160, 6144
1987, 160, 6144
2102, 160, 6144
2065, 160, 6144
1962, 160, 6144
1147, 160, 6144
2042, 160, 6144
2046, 160, 6144
3763, 160, 6144
1128, 160, 6144
1104, 160, 6144
2022, 160, 6144
2188, 160, 6144
1110, 160, 6144
1209, 160, 6144
1205, 160, 6144
1108, 160, 6144
1131, 160, 6144
1196, 160, 6144
1229, 160, 6144
1152, 160, 6144
1162, 160, 6144
2168, 160, 6144
2840, 3584, 6144
2840, 6144, 3072
2840, 160, 6144
1150, 160, 6144
1175, 160, 6144
1154, 160, 6144
1140, 160, 6144
1135, 160, 6144
1124, 160, 6144
1073, 160, 6144
1914, 160, 6144
1219, 160, 6144
1198, 160, 6144
1222, 160, 6144
1088, 160, 6144
1055, 160, 6144
1121, 160, 6144
1179, 160, 6144
1167, 160, 6144
1240, 160, 6144
1070, 160, 6144
1109, 160, 6144
2169, 160, 6144
1197, 160, 6144
1174, 160, 6144
1214, 160, 6144
1155, 160, 6144
2008, 160, 6144
1243, 160, 6144
1203, 160, 6144
1246, 160, 6144
1105, 160, 6144
1202, 160, 6144
1146, 160, 6144
1149, 160, 6144
1227, 160, 6144
2144, 160, 6144
2057, 160, 6144
1186, 160, 6144
1082, 160, 6144
1231, 160, 6144
1225, 160, 6144
2079, 160, 6144
1054, 160, 6144
1213, 160, 6144
1211, 160, 6144
2017, 160, 6144
1083, 160, 6144
1069, 160, 6144
1968, 160, 6144
1074, 160, 6144
2075, 160, 6144
1169, 160, 6144
1991, 160, 6144
2040, 160, 6144
1072, 160, 6144
2113, 3584, 6144
2113, 6144, 3072
2113, 160, 6144
1090, 160, 6144
2038, 160, 6144
1126, 160, 6144
3782, 160, 6144
1228, 160, 6144
1247, 160, 6144
2101, 160, 6144
2049, 3584, 6144
2049, 6144, 3072
2049, 160, 6144
2111, 160, 6144
1171, 160, 6144
1189, 160, 6144
1241, 160, 6144
2164, 3584, 6144
2164, 6144, 3072
2164, 160, 6144
1085, 160, 6144
1089, 160, 6144
2127, 3584, 6144
2127, 6144, 3072
2127, 160, 6144
2110, 160, 6144
2220, 160, 6144
1199, 160, 6144
1249, 160, 6144
2140, 3584, 6144
2140, 6144, 3072
2140, 160, 6144
2994, 160, 6144
2023, 160, 6144
1245, 160, 6144
2105, 160, 6144
2039, 160, 6144
1100, 160, 6144
1078, 160, 6144
1176, 160, 6144
2088, 3584, 6144
2088, 6144, 3072
2088, 160, 6144
1200, 160, 6144
2061, 3584, 6144
2061, 6144, 3072
2061, 160, 6144
1086, 160, 6144
1112, 160, 6144
1119, 160, 6144
2817, 3584, 6144
2817, 6144, 3072
2817, 160, 6144
1129, 160, 6144
2935, 3584, 6144
2935, 6144, 3072
2935, 160, 6144
1924, 160, 6144
1212, 160, 6144
2108, 160, 6144
1122, 160, 6144
1113, 160, 6144
2035, 160, 6144
2870, 160, 6144
1097, 160, 6144
1232, 160, 6144
2000, 160, 6144
2078, 3584, 6144
2078, 6144, 3072
2078, 160, 6144
2158, 3584, 6144
2158, 6144, 3072
2158, 160, 6144
3065, 160, 6144
1966, 160, 6144
2027, 160, 6144
1168, 160, 6144
1194, 160, 6144
1132, 160, 6144
1137, 160, 6144
1998, 160, 6144
2064, 160, 6144
1125, 160, 6144
2149, 160, 6144
1210, 160, 6144
1208, 160, 6144
1939, 160, 6144
1180, 160, 6144
1084, 160, 6144
1075, 160, 6144
1185, 160, 6144
250, 37984, 6144
248, 37984, 6144
247, 37984, 6144
246, 37984, 6144
245, 37984, 6144
244, 37984, 6144
243, 37984, 6144
242, 37984, 6144
240, 37984, 6144
239, 37984, 6144
238, 37984, 6144
237, 37984, 6144
236, 37984, 6144
235, 37984, 6144
234, 37984, 6144
233, 37984, 6144
232, 37984, 6144
230, 37984, 6144
228, 37984, 6144
227, 37984, 6144
225, 37984, 6144
224, 37984, 6144
220, 37984, 6144
218, 37984, 6144
217, 37984, 6144
216, 37984, 6144
214, 37984, 6144
212, 37984, 6144
211, 37984, 6144
210, 37984, 6144
209, 37984, 6144
206, 37984, 6144
205, 37984, 6144
203, 37984, 6144
202, 37984, 6144
199, 37984, 6144
198, 37984, 6144
197, 37984, 6144
195, 37984, 6144
194, 37984, 6144
193, 37984, 6144
192, 37984, 6144
190, 37984, 6144
189, 37984, 6144
188, 37984, 6144
187, 37984, 6144
186, 37984, 6144
185, 37984, 6144
184, 37984, 6144
183, 37984, 6144
182, 37984, 6144
180, 37984, 6144
179, 37984, 6144
177, 37984, 6144
175, 37984, 6144
173, 37984, 6144
172, 37984, 6144
170, 37984, 6144
169, 37984, 6144
167, 37984, 6144
166, 37984, 6144
165, 37984, 6144
163, 37984, 6144
162, 37984, 6144
161, 37984, 6144
160, 37984, 6144
159, 37984, 6144
155, 37984, 6144
154, 37984, 6144
153, 37984, 6144
152, 37984, 6144
151, 37984, 6144
150, 37984, 6144
149, 37984, 6144
148, 37984, 6144
147, 37984, 6144
146, 37984, 6144
144, 37984, 6144
142, 37984, 6144
141, 37984, 6144
140, 37984, 6144
139, 37984, 6144
138, 37984, 6144
137, 37984, 6144
135, 37984, 6144
133, 37984, 6144
130, 37984, 6144
129, 37984, 6144
128, 37984, 6144
127, 37984, 6144
126, 37984, 6144
125, 37984, 6144
124, 37984, 6144
123, 37984, 6144
121, 37984, 6144
120, 37984, 6144
119, 37984, 6144
118, 37984, 6144
116, 37984, 6144
115, 37984, 6144
114, 37984, 6144
113, 37984, 6144
112, 37984, 6144
111, 37984, 6144
110, 37984, 6144
109, 37984, 6144
108, 37984, 6144
107, 37984, 6144
106, 37984, 6144
104, 37984, 6144
102, 37984, 6144
101, 37984, 6144
100, 37984, 6144
98, 37984, 6144
96, 37984, 6144
95, 37984, 6144
94, 37984, 6144
91, 37984, 6144
90, 37984, 6144
89, 37984, 6144
87, 37984, 6144
86, 37984, 6144
85, 37984, 6144
84, 37984, 6144
83, 37984, 6144
82, 37984, 6144
80, 37984, 6144
77, 37984, 6144
76, 37984, 6144
75, 37984, 6144
74, 37984, 6144
73, 37984, 6144
72, 37984, 6144
71, 37984, 6144
70, 37984, 6144
69, 37984, 6144
68, 37984, 6144
67, 37984, 6144
66, 37984, 6144
64, 37984, 6144
63, 37984, 6144
62, 37984, 6144
60, 37984, 6144
59, 37984, 6144
58, 37984, 6144
55, 37984, 6144
52, 37984, 6144
51, 37984, 6144
50, 37984, 6144
48, 37984, 6144
46, 37984, 6144
45, 37984, 6144
44, 37984, 6144
43, 37984, 6144
42, 37984, 6144
40, 37984, 6144
39, 37984, 6144
38, 37984, 6144
36, 37984, 6144
30, 37984, 6144
29, 37984, 6144
28, 37984, 6144
27, 37984, 6144
26, 37984, 6144
919, 3584, 6144
919, 6144, 3072
919, 160, 6144
38072, 3584, 6144
38072, 6144, 3072
38072, 160, 6144
207, 37984, 6144
47629, 3584, 6144
47629, 6144, 3072
47629, 160, 6144
260, 37984, 6144
259, 37984, 6144
1163, 160, 6144
258, 37984, 6144
2173, 3584, 6144
2173, 6144, 3072
2173, 160, 6144
2006, 160, 6144
257, 37984, 6144
2073, 3584, 6144
2073, 6144, 3072
2073, 160, 6144
1193, 160, 6144
2089, 160, 6144
2133, 160, 6144
2067, 3584, 6144
2067, 6144, 3072
2067, 160, 6144
1921, 160, 6144
2104, 3584, 6144
2104, 6144, 3072
2104, 160, 6144
2930, 3584, 6144
2930, 6144, 3072
2930, 160, 6144
2029, 160, 6144
1114, 160, 6144
2013, 160, 6144
2141, 3584, 6144
2141, 6144, 3072
2141, 160, 6144
3068, 3584, 6144
3068, 6144, 3072
3068, 160, 6144
2897, 3584, 6144
2897, 6144, 3072
2897, 160, 6144
2962, 3584, 6144
2962, 6144, 3072
2962, 160, 6144
1935, 160, 6144
3021, 3584, 6144
3021, 6144, 3072
3021, 160, 6144
1201, 160, 6144
2911, 3584, 6144
2911, 6144, 3072
2911, 160, 6144
2043, 160, 6144
1972, 160, 6144
1932, 160, 6144
2146, 3584, 6144
2146, 6144, 3072
2146, 160, 6144
2187, 3584, 6144
2187, 6144, 3072
2187, 160, 6144
2955, 160, 6144
1242, 160, 6144
3162, 3584, 6144
3162, 6144, 3072
3162, 160, 6144
2092, 3584, 6144
2092, 6144, 3072
2092, 160, 6144
2053, 3584, 6144
2053, 6144, 3072
2053, 160, 6144
2978, 3584, 6144
2978, 6144, 3072
2978, 160, 6144
1992, 160, 6144
2086, 3584, 6144
2086, 6144, 3072
2086, 160, 6144
2025, 160, 6144
3795, 3584, 6144
3795, 6144, 3072
3795, 160, 6144
2091, 3584, 6144
2091, 6144, 3072
2091, 160, 6144
2041, 160, 6144
1983, 160, 6144
3864, 3584, 6144
3864, 6144, 3072
3864, 160, 6144
2066, 3584, 6144
2066, 6144, 3072
2066, 160, 6144
2117, 3584, 6144
2117, 6144, 3072
2117, 160, 6144
1989, 160, 6144
2016, 160, 6144
1220, 160, 6144
1979, 160, 6144
3026, 3584, 6144
3026, 6144, 3072
3026, 160, 6144
3711, 3584, 6144
3711, 6144, 3072
3711, 160, 6144
1224, 160, 6144
1059, 160, 6144
1204, 160, 6144
2121, 3584, 6144
2121, 6144, 3072
2121, 160, 6144
1094, 160, 6144
2112, 3584, 6144
2112, 6144, 3072
2112, 160, 6144
1136, 160, 6144
1206, 160, 6144
2083, 160, 6144
1233, 160, 6144
1115, 160, 6144
1165, 160, 6144
1912, 160, 6144
2125, 3584, 6144
2125, 6144, 3072
2125, 160, 6144
1071, 160, 6144
1254, 160, 6144
1964, 160, 6144
3788, 3584, 6144
3788, 6144, 3072
3788, 160, 6144
2920, 3584, 6144
2920, 6144, 3072
2920, 160, 6144
1997, 160, 6144
1953, 160, 6144
2012, 160, 6144
2098, 3584, 6144
2098, 6144, 3072
2098, 160, 6144
1999, 160, 6144
3958, 3584, 6144
3958, 6144, 3072
3958, 160, 6144
2152, 3584, 6144
2152, 6144, 3072
2152, 160, 6144
1096, 160, 6144
2132, 3584, 6144
2132, 6144, 3072
2132, 160, 6144
1120, 160, 6144
2081, 3584, 6144
2081, 6144, 3072
2081, 160, 6144
2094, 3584, 6144
2094, 6144, 3072
2094, 160, 6144
2120, 3584, 6144
2120, 6144, 3072
2120, 160, 6144
2109, 160, 6144
2119, 3584, 6144
2119, 6144, 3072
2119, 160, 6144
2059, 3584, 6144
2059, 6144, 3072
2059, 160, 6144
1092, 160, 6144
2030, 160, 6144
2007, 160, 6144
2076, 160, 6144
1943, 160, 6144
2009, 160, 6144
1253, 160, 6144
2037, 160, 6144
2950, 3584, 6144
2950, 6144, 3072
2950, 160, 6144
3760, 3584, 6144
3760, 6144, 3072
3760, 160, 6144
1995, 160, 6144
2056, 3584, 6144
2056, 6144, 3072
2056, 160, 6144
1920, 160, 6144
1236, 160, 6144
3830, 3584, 6144
3830, 6144, 3072
3830, 160, 6144
3025, 3584, 6144
3025, 6144, 3072
3025, 160, 6144
1223, 160, 6144
1170, 160, 6144
2071, 3584, 6144
2071, 6144, 3072
2071, 160, 6144
1099, 160, 6144
2004, 160, 6144
1144, 160, 6144
1098, 160, 6144
1062, 160, 6144
241, 37984, 6144
231, 37984, 6144
229, 37984, 6144
226, 37984, 6144
223, 37984, 6144
221, 37984, 6144
219, 37984, 6144
215, 37984, 6144
208, 37984, 6144
204, 37984, 6144
201, 37984, 6144
191, 37984, 6144
181, 37984, 6144
178, 37984, 6144
174, 37984, 6144
171, 37984, 6144
168, 37984, 6144
164, 37984, 6144
158, 37984, 6144
156, 37984, 6144
136, 37984, 6144
134, 37984, 6144
132, 37984, 6144
122, 37984, 6144
105, 37984, 6144
103, 37984, 6144
99, 37984, 6144
93, 37984, 6144
92, 37984, 6144
88, 37984, 6144
81, 37984, 6144
79, 37984, 6144
78, 37984, 6144
65, 37984, 6144
61, 37984, 6144
57, 37984, 6144
54, 37984, 6144
47, 37984, 6144
41, 37984, 6144
37, 37984, 6144
35, 37984, 6144
34, 37984, 6144
33, 37984, 6144
32, 37984, 6144
25, 37984, 6144
36370, 3584, 6144
36370, 6144, 3072
36370, 160, 6144
1830, 160, 6144
51245, 3584, 6144
51245, 6144, 3072
51245, 160, 6144
264, 37984, 6144
263, 37984, 6144
262, 37984, 6144
1238, 160, 6144
261, 37984, 6144
1244, 160, 6144
1970, 160, 6144
1093, 160, 6144
2887, 3584, 6144
2887, 6144, 3072
2887, 160, 6144
1993, 160, 6144
2860, 3584, 6144
2860, 6144, 3072
2860, 160, 6144
2960, 3584, 6144
2960, 6144, 3072
2960, 160, 6144
1067, 160, 6144
2128, 160, 6144
2981, 3584, 6144
2981, 6144, 3072
2981, 160, 6144
2964, 3584, 6144
2964, 6144, 3072
2964, 160, 6144
1978, 160, 6144
2093, 3584, 6144
2093, 6144, 3072
2093, 160, 6144
1217, 160, 6144
2175, 3584, 6144
2175, 6144, 3072
2175, 160, 6144
2991, 3584, 6144
2991, 6144, 3072
2991, 160, 6144
2033, 160, 6144
2142, 3584, 6144
2142, 6144, 3072
2142, 160, 6144
2980, 3584, 6144
2980, 6144, 3072
2980, 160, 6144
2050, 3584, 6144
2050, 6144, 3072
2050, 160, 6144
2968, 3584, 6144
2968, 6144, 3072
2968, 160, 6144
2118, 3584, 6144
2118, 6144, 3072
2118, 160, 6144
1980, 160, 6144
3016, 3584, 6144
3016, 6144, 3072
3016, 160, 6144
3855, 3584, 6144
3855, 6144, 3072
3855, 160, 6144
1988, 160, 6144
3060, 3584, 6144
3060, 6144, 3072
3060, 160, 6144
3077, 3584, 6144
3077, 6144, 3072
3077, 160, 6144
1226, 160, 6144
2879, 3584, 6144
2879, 6144, 3072
2879, 160, 6144
1216, 160, 6144
1077, 160, 6144
2884, 3584, 6144
2884, 6144, 3072
2884, 160, 6144
2861, 3584, 6144
2861, 6144, 3072
2861, 160, 6144
1248, 160, 6144
3052, 3584, 6144
3052, 6144, 3072
3052, 160, 6144
1237, 160, 6144
2051, 3584, 6144
2051, 6144, 3072
2051, 160, 6144
1239, 160, 6144
1063, 160, 6144
1259, 160, 6144
3866, 3584, 6144
3866, 6144, 3072
3866, 160, 6144
1257, 160, 6144
2948, 3584, 6144
2948, 6144, 3072
2948, 160, 6144
1260, 160, 6144
3088, 3584, 6144
3088, 6144, 3072
3088, 160, 6144
2198, 3584, 6144
2198, 6144, 3072
2198, 160, 6144
2986, 3584, 6144
2986, 6144, 3072
2986, 160, 6144
2032, 160, 6144
1252, 160, 6144
3891, 3584, 6144
3891, 6144, 3072
3891, 160, 6144
3000, 3584, 6144
3000, 6144, 3072
3000, 160, 6144
2877, 3584, 6144
2877, 6144, 3072
2877, 160, 6144
1256, 160, 6144
2002, 160, 6144
2116, 3584, 6144
2116, 6144, 3072
2116, 160, 6144
1106, 160, 6144
1080, 160, 6144
2940, 3584, 6144
2940, 6144, 3072
2940, 160, 6144
1066, 160, 6144
222, 37984, 6144
200, 37984, 6144
196, 37984, 6144
176, 37984, 6144
157, 37984, 6144
143, 37984, 6144
117, 37984, 6144
97, 37984, 6144
56, 37984, 6144
31, 37984, 6144
4372, 3584, 6144
4372, 6144, 3072
4372, 160, 6144
29883, 3584, 6144
29883, 6144, 3072
29883, 160, 6144
4153, 3584, 6144
4153, 6144, 3072
4153, 160, 6144
7888, 3584, 6144
7888, 6144, 3072
7888, 160, 6144
4206, 3584, 6144
4206, 6144, 3072
4206, 160, 6144
4086, 3584, 6144
4086, 6144, 3072
4086, 160, 6144
4290, 3584, 6144
4290, 6144, 3072
4290, 160, 6144
3816, 3584, 6144
3816, 6144, 3072
3816, 160, 6144
4141, 3584, 6144
4141, 6144, 3072
4141, 160, 6144
3923, 3584, 6144
3923, 6144, 3072
3923, 160, 6144
3887, 3584, 6144
3887, 6144, 3072
3887, 160, 6144
3944, 3584, 6144
3944, 6144, 3072
3944, 160, 6144
8009, 3584, 6144
8009, 6144, 3072
8009, 160, 6144
3829, 3584, 6144
3829, 6144, 3072
3829, 160, 6144
4242, 3584, 6144
4242, 6144, 3072
4242, 160, 6144
4155, 3584, 6144
4155, 6144, 3072
4155, 160, 6144
3753, 3584, 6144
3753, 6144, 3072
3753, 160, 6144
4356, 3584, 6144
4356, 6144, 3072
4356, 160, 6144
8675, 3584, 6144
8675, 6144, 3072
8675, 160, 6144
4026, 3584, 6144
4026, 6144, 3072
4026, 160, 6144
3845, 3584, 6144
3845, 6144, 3072
3845, 160, 6144
4271, 3584, 6144
4271, 6144, 3072
4271, 160, 6144
3979, 3584, 6144
3979, 6144, 3072
3979, 160, 6144
4305, 3584, 6144
4305, 6144, 3072
4305, 160, 6144
4103, 3584, 6144
4103, 6144, 3072
4103, 160, 6144
4258, 3584, 6144
4258, 6144, 3072
4258, 160, 6144
8270, 3584, 6144
8270, 6144, 3072
8270, 160, 6144
4064, 3584, 6144
4064, 6144, 3072
4064, 160, 6144
4417, 3584, 6144
4417, 6144, 3072
4417, 160, 6144
4084, 3584, 6144
4084, 6144, 3072
4084, 160, 6144
4139, 3584, 6144
4139, 6144, 3072
4139, 160, 6144
4439, 3584, 6144
4439, 6144, 3072
4439, 160, 6144
3793, 3584, 6144
3793, 6144, 3072
3793, 160, 6144
3807, 3584, 6144
3807, 6144, 3072
3807, 160, 6144
4254, 3584, 6144
4254, 6144, 3072
4254, 160, 6144
3826, 3584, 6144
3826, 6144, 3072
3826, 160, 6144
4451, 3584, 6144
4451, 6144, 3072
4451, 160, 6144
3980, 3584, 6144
3980, 6144, 3072
3980, 160, 6144
3911, 3584, 6144
3911, 6144, 3072
3911, 160, 6144
4445, 3584, 6144
4445, 6144, 3072
4445, 160, 6144
4360, 3584, 6144
4360, 6144, 3072
4360, 160, 6144
4433, 3584, 6144
4433, 6144, 3072
4433, 160, 6144
8069, 3584, 6144
8069, 6144, 3072
8069, 160, 6144
4444, 3584, 6144
4444, 6144, 3072
4444, 160, 6144
8168, 3584, 6144
8168, 6144, 3072
8168, 160, 6144
4249, 3584, 6144
4249, 6144, 3072
4249, 160, 6144
4031, 3584, 6144
4031, 6144, 3072
4031, 160, 6144
4186, 3584, 6144
4186, 6144, 3072
4186, 160, 6144
4247, 3584, 6144
4247, 6144, 3072
4247, 160, 6144
4137, 3584, 6144
4137, 6144, 3072
4137, 160, 6144
3842, 3584, 6144
3842, 6144, 3072
3842, 160, 6144
4122, 3584, 6144
4122, 6144, 3072
4122, 160, 6144
4328, 3584, 6144
4328, 6144, 3072
4328, 160, 6144
4032, 3584, 6144
4032, 6144, 3072
4032, 160, 6144
3974, 3584, 6144
3974, 6144, 3072
3974, 160, 6144
4431, 3584, 6144
4431, 6144, 3072
4431, 160, 6144
4197, 3584, 6144
4197, 6144, 3072
4197, 160, 6144
4142, 3584, 6144
4142, 6144, 3072
4142, 160, 6144
3909, 3584, 6144
3909, 6144, 3072
3909, 160, 6144
4414, 3584, 6144
4414, 6144, 3072
4414, 160, 6144
4143, 3584, 6144
4143, 6144, 3072
4143, 160, 6144
4435, 3584, 6144
4435, 6144, 3072
4435, 160, 6144
3867, 3584, 6144
3867, 6144, 3072
3867, 160, 6144
4252, 3584, 6144
4252, 6144, 3072
4252, 160, 6144
4040, 3584, 6144
4040, 6144, 3072
4040, 160, 6144
4144, 3584, 6144
4144, 6144, 3072
4144, 160, 6144
4090, 3584, 6144
4090, 6144, 3072
4090, 160, 6144
4352, 3584, 6144
4352, 6144, 3072
4352, 160, 6144
4214, 3584, 6144
4214, 6144, 3072
4214, 160, 6144
4085, 3584, 6144
4085, 6144, 3072
4085, 160, 6144
4149, 3584, 6144
4149, 6144, 3072
4149, 160, 6144
4127, 3584, 6144
4127, 6144, 3072
4127, 160, 6144
4361, 3584, 6144
4361, 6144, 3072
4361, 160, 6144
8077, 3584, 6144
8077, 6144, 3072
8077, 160, 6144
4192, 3584, 6144
4192, 6144, 3072
4192, 160, 6144
4235, 3584, 6144
4235, 6144, 3072
4235, 160, 6144
3770, 3584, 6144
3770, 6144, 3072
3770, 160, 6144
4069, 3584, 6144
4069, 6144, 3072
4069, 160, 6144
4024, 3584, 6144
4024, 6144, 3072
4024, 160, 6144
4368, 3584, 6144
4368, 6144, 3072
4368, 160, 6144
8384, 3584, 6144
8384, 6144, 3072
8384, 160, 6144
3885, 160, 6144
3663, 3584, 6144
3663, 6144, 3072
3663, 160, 6144
3992, 3584, 6144
3992, 6144, 3072
3992, 160, 6144
4093, 3584, 6144
4093, 6144, 3072
4093, 160, 6144
4307, 3584, 6144
4307, 6144, 3072
4307, 160, 6144
4301, 3584, 6144
4301, 6144, 3072
4301, 160, 6144
7922, 3584, 6144
7922, 6144, 3072
7922, 160, 6144
3851, 3584, 6144
3851, 6144, 3072
3851, 160, 6144
3776, 3584, 6144
3776, 6144, 3072
3776, 160, 6144
3719, 3584, 6144
3719, 6144, 3072
3719, 160, 6144
4453, 3584, 6144
4453, 6144, 3072
4453, 160, 6144
3961, 3584, 6144
3961, 6144, 3072
3961, 160, 6144
3972, 3584, 6144
3972, 6144, 3072
3972, 160, 6144
3811, 3584, 6144
3811, 6144, 3072
3811, 160, 6144
3736, 3584, 6144
3736, 6144, 3072
3736, 160, 6144
7835, 3584, 6144
7835, 6144, 3072
7835, 160, 6144
8034, 3584, 6144
8034, 6144, 3072
8034, 160, 6144
3824, 3584, 6144
3824, 6144, 3072
3824, 160, 6144
4055, 3584, 6144
4055, 6144, 3072
4055, 160, 6144
4148, 3584, 6144
4148, 6144, 3072
4148, 160, 6144
4073, 3584, 6144
4073, 6144, 3072
4073, 160, 6144
3935, 3584, 6144
3935, 6144, 3072
3935, 160, 6144
3988, 3584, 6144
3988, 6144, 3072
3988, 160, 6144
11686, 3584, 6144
11686, 6144, 3072
11686, 160, 6144
3715, 3584, 6144
3715, 6144, 3072
3715, 160, 6144
4097, 3584, 6144
4097, 6144, 3072
4097, 160, 6144
3982, 3584, 6144
3982, 6144, 3072
3982, 160, 6144
3731, 3584, 6144
3731, 6144, 3072
3731, 160, 6144
53, 37984, 6144
4351, 3584, 6144
4351, 6144, 3072
4351, 160, 6144
19940, 3584, 6144
19940, 6144, 3072
19940, 160, 6144
3769, 3584, 6144
3769, 6144, 3072
3769, 160, 6144
4371, 3584, 6144
4371, 6144, 3072
4371, 160, 6144
4457, 3584, 6144
4457, 6144, 3072
4457, 160, 6144
4313, 3584, 6144
4313, 6144, 3072
4313, 160, 6144
4042, 3584, 6144
4042, 6144, 3072
4042, 160, 6144
3862, 3584, 6144
3862, 6144, 3072
3862, 160, 6144
4287, 3584, 6144
4287, 6144, 3072
4287, 160, 6144
3997, 3584, 6144
3997, 6144, 3072
3997, 160, 6144
4322, 3584, 6144
4322, 6144, 3072
4322, 160, 6144
4118, 3584, 6144
4118, 6144, 3072
4118, 160, 6144
4274, 3584, 6144
4274, 6144, 3072
4274, 160, 6144
4150, 3584, 6144
4150, 6144, 3072
4150, 160, 6144
4217, 3584, 6144
4217, 6144, 3072
4217, 160, 6144
4079, 3584, 6144
4079, 6144, 3072
4079, 160, 6144
4432, 3584, 6144
4432, 6144, 3072
4432, 160, 6144
4099, 3584, 6144
4099, 6144, 3072
4099, 160, 6144
4154, 3584, 6144
4154, 6144, 3072
4154, 160, 6144
4455, 3584, 6144
4455, 6144, 3072
4455, 160, 6144
3809, 3584, 6144
3809, 6144, 3072
3809, 160, 6144
4270, 3584, 6144
4270, 6144, 3072
4270, 160, 6144
3843, 3584, 6144
3843, 6144, 3072
3843, 160, 6144
4467, 3584, 6144
4467, 6144, 3072
4467, 160, 6144
3996, 3584, 6144
3996, 6144, 3072
3996, 160, 6144
3928, 3584, 6144
3928, 6144, 3072
3928, 160, 6144
4462, 3584, 6144
4462, 6144, 3072
4462, 160, 6144
4376, 3584, 6144
4376, 6144, 3072
4376, 160, 6144
8631, 3584, 6144
8631, 6144, 3072
8631, 160, 6144
8285, 3584, 6144
8285, 6144, 3072
8285, 160, 6144
4025, 3584, 6144
4025, 6144, 3072
4025, 160, 6144
4238, 3584, 6144
4238, 6144, 3072
4238, 160, 6144
4265, 3584, 6144
4265, 6144, 3072
4265, 160, 6144
4046, 3584, 6144
4046, 6144, 3072
4046, 160, 6144
4201, 3584, 6144
4201, 6144, 3072
4201, 160, 6144
4262, 3584, 6144
4262, 6144, 3072
4262, 160, 6144
3858, 3584, 6144
3858, 6144, 3072
3858, 160, 6144
4138, 3584, 6144
4138, 6144, 3072
4138, 160, 6144
4344, 3584, 6144
4344, 6144, 3072
4344, 160, 6144
3938, 3584, 6144
3938, 6144, 3072
3938, 160, 6144
7959, 3584, 6144
7959, 6144, 3072
7959, 160, 6144
4446, 3584, 6144
4446, 6144, 3072
4446, 160, 6144
4210, 3584, 6144
4210, 6144, 3072
4210, 160, 6144
4156, 3584, 6144
4156, 6144, 3072
4156, 160, 6144
8028, 3584, 6144
8028, 6144, 3072
8028, 160, 6144
4083, 3584, 6144
4083, 6144, 3072
4083, 160, 6144
8083, 3584, 6144
8083, 6144, 3072
8083, 160, 6144
4190, 3584, 6144
4190, 6144, 3072
4190, 160, 6144
4033, 3584, 6144
4033, 6144, 3072
4033, 160, 6144
7935, 3584, 6144
7935, 6144, 3072
7935, 160, 6144
3777, 3584, 6144
3777, 6144, 3072
3777, 160, 6144
8196, 3584, 6144
8196, 6144, 3072
8196, 160, 6144
4204, 3584, 6144
4204, 6144, 3072
4204, 160, 6144
4266, 3584, 6144
4266, 6144, 3072
4266, 160, 6144
3894, 3584, 6144
3894, 6144, 3072
3894, 160, 6144
3815, 3584, 6144
3815, 6144, 3072
3815, 160, 6144
3985, 3584, 6144
3985, 6144, 3072
3985, 160, 6144
4063, 3584, 6144
4063, 6144, 3072
4063, 160, 6144
4420, 3584, 6144
4420, 6144, 3072
4420, 160, 6144
3929, 3584, 6144
3929, 6144, 3072
3929, 160, 6144
3946, 3584, 6144
3946, 6144, 3072
3946, 160, 6144
4304, 3584, 6144
4304, 6144, 3072
4304, 160, 6144
3848, 3584, 6144
3848, 6144, 3072
3848, 160, 6144
3991, 3584, 6144
3991, 6144, 3072
3991, 160, 6144
4464, 3584, 6144
4464, 6144, 3072
4464, 160, 6144
4267, 3584, 6144
4267, 6144, 3072
4267, 160, 6144
4096, 3584, 6144
4096, 6144, 3072
4096, 160, 6144
4430, 3584, 6144
4430, 6144, 3072
4430, 160, 6144
4159, 3584, 6144
4159, 6144, 3072
4159, 160, 6144
3883, 3584, 6144
3883, 6144, 3072
3883, 160, 6144
4268, 3584, 6144
4268, 6144, 3072
4268, 160, 6144
4048, 3584, 6144
4048, 6144, 3072
4048, 160, 6144
4056, 3584, 6144
4056, 6144, 3072
4056, 160, 6144
8187, 3584, 6144
8187, 6144, 3072
8187, 160, 6144
4229, 3584, 6144
4229, 6144, 3072
4229, 160, 6144
4101, 3584, 6144
4101, 6144, 3072
4101, 160, 6144
4165, 3584, 6144
4165, 6144, 3072
4165, 160, 6144
4034, 3584, 6144
4034, 6144, 3072
4034, 160, 6144
3906, 3584, 6144
3906, 6144, 3072
3906, 160, 6144
4208, 3584, 6144
4208, 6144, 3072
4208, 160, 6144
4251, 3584, 6144
4251, 6144, 3072
4251, 160, 6144
3926, 3584, 6144
3926, 6144, 3072
3926, 160, 6144
7791, 3584, 6144
7791, 6144, 3072
7791, 160, 6144
4038, 3584, 6144
4038, 6144, 3072
4038, 160, 6144
4383, 3584, 6144
4383, 6144, 3072
4383, 160, 6144
4108, 3584, 6144
4108, 6144, 3072
4108, 160, 6144
4152, 3584, 6144
4152, 6144, 3072
4152, 160, 6144
3901, 3584, 6144
3901, 6144, 3072
3901, 160, 6144
3680, 3584, 6144
3680, 6144, 3072
3680, 160, 6144
4008, 3584, 6144
4008, 6144, 3072
4008, 160, 6144
4109, 3584, 6144
4109, 6144, 3072
4109, 160, 6144
4323, 3584, 6144
4323, 6144, 3072
4323, 160, 6144
4317, 3584, 6144
4317, 6144, 3072
4317, 160, 6144
3998, 3584, 6144
3998, 6144, 3072
3998, 160, 6144
7804, 3584, 6144
7804, 6144, 3072
7804, 160, 6144
3792, 3584, 6144
3792, 6144, 3072
3792, 160, 6144
3735, 160, 6144
7884, 3584, 6144
7884, 6144, 3072
7884, 160, 6144
3827, 3584, 6144
3827, 6144, 3072
3827, 160, 6144
4230, 3584, 6144
4230, 6144, 3072
4230, 160, 6144
3754, 3584, 6144
3754, 6144, 3072
3754, 160, 6144
3897, 3584, 6144
3897, 6144, 3072
3897, 160, 6144
3975, 3584, 6144
3975, 6144, 3072
3975, 160, 6144
3840, 3584, 6144
3840, 6144, 3072
3840, 160, 6144
4071, 3584, 6144
4071, 6144, 3072
4071, 160, 6144
4164, 3584, 6144
4164, 6144, 3072
4164, 160, 6144
8008, 3584, 6144
8008, 6144, 3072
8008, 160, 6144
4004, 3584, 6144
4004, 6144, 3072
4004, 160, 6144
3941, 3584, 6144
3941, 6144, 3072
3941, 160, 6144
4006, 3584, 6144
4006, 6144, 3072
4006, 160, 6144
3915, 3584, 6144
3915, 6144, 3072
3915, 160, 6144
3895, 3584, 6144
3895, 6144, 3072
3895, 160, 6144
4089, 3584, 6144
4089, 6144, 3072
4089, 160, 6144
4223, 3584, 6144
4223, 6144, 3072
4223, 160, 6144
4102, 3584, 6144
4102, 6144, 3072
4102, 160, 6144
3832, 3584, 6144
3832, 6144, 3072
3832, 160, 6144
4157, 3584, 6144
4157, 6144, 3072
4157, 160, 6144
3939, 3584, 6144
3939, 6144, 3072
3939, 160, 6144
3903, 3584, 6144
3903, 6144, 3072
3903, 160, 6144
3960, 3584, 6144
3960, 6144, 3072
3960, 160, 6144
4016, 3584, 6144
4016, 6144, 3072
4016, 160, 6144
4171, 3584, 6144
4171, 6144, 3072
4171, 160, 6144
68614, 3584, 6144
68614, 6144, 3072
68614, 160, 6144
4231, 3584, 6144
4231, 6144, 3072
4231, 160, 6144
4133, 3584, 6144
4133, 6144, 3072
4133, 160, 6144
4239, 3584, 6144
4239, 6144, 3072
4239, 160, 6144
3908, 3584, 6144
3908, 6144, 3072
3908, 160, 6144
3825, 3584, 6144
3825, 6144, 3072
3825, 160, 6144
4211, 3584, 6144
4211, 6144, 3072
4211, 160, 6144
4160, 3584, 6144
4160, 6144, 3072
4160, 160, 6144
3942, 3584, 6144
3942, 6144, 3072
3942, 160, 6144
4349, 3584, 6144
4349, 6144, 3072
4349, 160, 6144
4111, 3584, 6144
4111, 6144, 3072
4111, 160, 6144
4466, 3584, 6144
4466, 6144, 3072
4466, 160, 6144
3977, 3584, 6144
3977, 6144, 3072
3977, 160, 6144
3957, 3584, 6144
3957, 6144, 3072
3957, 160, 6144
7969, 3584, 6144
7969, 6144, 3072
7969, 160, 6144
4027, 3584, 6144
4027, 6144, 3072
4027, 160, 6144
4511, 3584, 6144
4511, 6144, 3072
4511, 160, 6144
4314, 3584, 6144
4314, 6144, 3072
4314, 160, 6144
3881, 3584, 6144
3881, 6144, 3072
3881, 160, 6144
4295, 3584, 6144
4295, 6144, 3072
4295, 160, 6144
3920, 3584, 6144
3920, 6144, 3072
3920, 160, 6144
4363, 3584, 6144
4363, 6144, 3072
4363, 160, 6144
8368, 3584, 6144
8368, 6144, 3072
8368, 160, 6144
4185, 3584, 6144
4185, 6144, 3072
4185, 160, 6144
4291, 3584, 6144
4291, 6144, 3072
4291, 160, 6144
3994, 3584, 6144
3994, 6144, 3072
3994, 160, 6144
3919, 3584, 6144
3919, 6144, 3072
3919, 160, 6144
3964, 3584, 6144
3964, 6144, 3072
3964, 160, 6144
4037, 3584, 6144
4037, 6144, 3072
4037, 160, 6144
8054, 3584, 6144
8054, 6144, 3072
8054, 160, 6144
3850, 3584, 6144
3850, 6144, 3072
3850, 160, 6144
3806, 3584, 6144
3806, 6144, 3072
3806, 160, 6144
7919, 3584, 6144
7919, 6144, 3072
7919, 160, 6144
7881, 3584, 6144
7881, 6144, 3072
7881, 160, 6144
4226, 3584, 6144
4226, 6144, 3072
4226, 160, 6144
4087, 3584, 6144
4087, 6144, 3072
4087, 160, 6144
8441, 3584, 6144
8441, 6144, 3072
8441, 160, 6144
8315, 3584, 6144
8315, 6144, 3072
8315, 160, 6144
4346, 3584, 6144
4346, 6144, 3072
4346, 160, 6144
3978, 3584, 6144
3978, 6144, 3072
3978, 160, 6144
4179, 3584, 6144
4179, 6144, 3072
4179, 160, 6144
4306, 3584, 6144
4306, 6144, 3072
4306, 160, 6144
8341, 3584, 6144
8341, 6144, 3072
8341, 160, 6144
12178, 3584, 6144
12178, 6144, 3072
12178, 160, 6144
3932, 3584, 6144
3932, 6144, 3072
3932, 160, 6144
4221, 3584, 6144
4221, 6144, 3072
4221, 160, 6144
3814, 3584, 6144
3814, 6144, 3072
3814, 160, 6144
4173, 3584, 6144
4173, 6144, 3072
4173, 160, 6144
4078, 3584, 6144
4078, 6144, 3072
4078, 160, 6144
4015, 3584, 6144
4015, 6144, 3072
4015, 160, 6144
3890, 3584, 6144
3890, 6144, 3072
3890, 160, 6144
4280, 3584, 6144
4280, 6144, 3072
4280, 160, 6144
8342, 3584, 6144
8342, 6144, 3072
8342, 160, 6144
4065, 3584, 6144
4065, 6144, 3072
4065, 160, 6144
3791, 3584, 6144
3791, 6144, 3072
3791, 160, 6144
4357, 3584, 6144
4357, 6144, 3072
4357, 160, 6144
4340, 3584, 6144
4340, 6144, 3072
4340, 160, 6144
3963, 3584, 6144
3963, 6144, 3072
3963, 160, 6144
4062, 3584, 6144
4062, 6144, 3072
4062, 160, 6144
4260, 3584, 6144
4260, 6144, 3072
4260, 160, 6144
4261, 3584, 6144
4261, 6144, 3072
4261, 160, 6144
3847, 3584, 6144
3847, 6144, 3072
3847, 160, 6144
7931, 3584, 6144
7931, 6144, 3072
7931, 160, 6144
7900, 3584, 6144
7900, 6144, 3072
7900, 160, 6144
4115, 3584, 6144
4115, 6144, 3072
4115, 160, 6144
4478, 3584, 6144
4478, 6144, 3072
4478, 160, 6144
4499, 3584, 6144
4499, 6144, 3072
4499, 160, 6144
3931, 3584, 6144
3931, 6144, 3072
3931, 160, 6144
4315, 3584, 6144
4315, 6144, 3072
4315, 160, 6144
4416, 3584, 6144
4416, 6144, 3072
4416, 160, 6144
4278, 3584, 6144
4278, 6144, 3072
4278, 160, 6144
8234, 3584, 6144
8234, 6144, 3072
8234, 160, 6144
4191, 3584, 6144
4191, 6144, 3072
4191, 160, 6144
4425, 3584, 6144
4425, 6144, 3072
4425, 160, 6144
4080, 3584, 6144
4080, 6144, 3072
4080, 160, 6144
8014, 3584, 6144
8014, 6144, 3072
8014, 160, 6144
4256, 3584, 6144
4256, 6144, 3072
4256, 160, 6144
4299, 3584, 6144
4299, 6144, 3072
4299, 160, 6144
3976, 3584, 6144
3976, 6144, 3072
3976, 160, 6144
3834, 3584, 6144
3834, 6144, 3072
3834, 160, 6144
4132, 3584, 6144
4132, 6144, 3072
4132, 160, 6144
4088, 3584, 6144
4088, 6144, 3072
4088, 160, 6144
8022, 3584, 6144
8022, 6144, 3072
8022, 160, 6144
7656, 3584, 6144
7656, 6144, 3072
7656, 160, 6144
8608, 3584, 6144
8608, 6144, 3072
8608, 160, 6144
4049, 3584, 6144
4049, 6144, 3072
4049, 160, 6144
11565, 3584, 6144
11565, 6144, 3072
11565, 160, 6144
3784, 3584, 6144
3784, 6144, 3072
3784, 160, 6144
4517, 3584, 6144
4517, 6144, 3072
4517, 160, 6144
4023, 3584, 6144
4023, 6144, 3072
4023, 160, 6144
7783, 3584, 6144
7783, 6144, 3072
7783, 160, 6144
4277, 3584, 6144
4277, 6144, 3072
4277, 160, 6144
3802, 3584, 6144
3802, 6144, 3072
3802, 160, 6144
4081, 3584, 6144
4081, 6144, 3072
4081, 160, 6144
4203, 3584, 6144
4203, 6144, 3072
4203, 160, 6144
7781, 3584, 6144
7781, 6144, 3072
7781, 160, 6144
4212, 3584, 6144
4212, 6144, 3072
4212, 160, 6144
4135, 3584, 6144
4135, 6144, 3072
4135, 160, 6144
8055, 3584, 6144
8055, 6144, 3072
8055, 160, 6144
4050, 3584, 6144
4050, 6144, 3072
4050, 160, 6144
4054, 3584, 6144
4054, 6144, 3072
4054, 160, 6144
7613, 3584, 6144
7613, 6144, 3072
7613, 160, 6144
4216, 3584, 6144
4216, 6144, 3072
4216, 160, 6144
3943, 3584, 6144
3943, 6144, 3072
3943, 160, 6144
8276, 3584, 6144
8276, 6144, 3072
8276, 160, 6144
8374, 3584, 6144
8374, 6144, 3072
8374, 160, 6144
7957, 3584, 6144
7957, 6144, 3072
7957, 160, 6144
7810, 3584, 6144
7810, 6144, 3072
7810, 160, 6144
7944, 3584, 6144
7944, 6144, 3072
7944, 160, 6144
7902, 3584, 6144
7902, 6144, 3072
7902, 160, 6144
4218, 3584, 6144
4218, 6144, 3072
4218, 160, 6144
3817, 3584, 6144
3817, 6144, 3072
3817, 160, 6144
8797, 3584, 6144
8797, 6144, 3072
8797, 160, 6144
8324, 3584, 6144
8324, 6144, 3072
8324, 160, 6144
8117, 3584, 6144
8117, 6144, 3072
8117, 160, 6144
4045, 3584, 6144
4045, 6144, 3072
4045, 160, 6144
4166, 3584, 6144
4166, 6144, 3072
4166, 160, 6144
4321, 3584, 6144
4321, 6144, 3072
4321, 160, 6144
4196, 3584, 6144
4196, 6144, 3072
4196, 160, 6144
8266, 3584, 6144
8266, 6144, 3072
8266, 160, 6144
4146, 3584, 6144
4146, 6144, 3072
4146, 160, 6144
8577, 3584, 6144
8577, 6144, 3072
8577, 160, 6144
8062, 3584, 6144
8062, 6144, 3072
8062, 160, 6144
4515, 3584, 6144
4515, 6144, 3072
4515, 160, 6144
4044, 3584, 6144
4044, 6144, 3072
4044, 160, 6144
4509, 3584, 6144
4509, 6144, 3072
4509, 160, 6144
4424, 3584, 6144
4424, 6144, 3072
4424, 160, 6144
3954, 3584, 6144
3954, 6144, 3072
3954, 160, 6144
8453, 3584, 6144
8453, 6144, 3072
8453, 160, 6144
4286, 3584, 6144
4286, 6144, 3072
4286, 160, 6144
4095, 3584, 6144
4095, 6144, 3072
4095, 160, 6144
4250, 3584, 6144
4250, 6144, 3072
4250, 160, 6144
4311, 3584, 6144
4311, 6144, 3072
4311, 160, 6144
7980, 3584, 6144
7980, 6144, 3072
7980, 160, 6144
4392, 3584, 6144
4392, 6144, 3072
4392, 160, 6144
4036, 3584, 6144
4036, 6144, 3072
4036, 160, 6144
4493, 3584, 6144
4493, 6144, 3072
4493, 160, 6144
4259, 3584, 6144
4259, 6144, 3072
4259, 160, 6144
4205, 3584, 6144
4205, 6144, 3072
4205, 160, 6144
3973, 3584, 6144
3973, 6144, 3072
3973, 160, 6144
13399, 3584, 6144
13399, 6144, 3072
13399, 160, 6144
54082, 3584, 6144
54082, 6144, 3072
54082, 160, 6144
12684, 3584, 6144
12684, 6144, 3072
12684, 160, 6144
12381, 3584, 6144
12381, 6144, 3072
12381, 160, 6144
12687, 3584, 6144
12687, 6144, 3072
12687, 160, 6144
12237, 3584, 6144
12237, 6144, 3072
12237, 160, 6144
11328, 3584, 6144
11328, 6144, 3072
11328, 160, 6144
13227, 3584, 6144
13227, 6144, 3072
13227, 160, 6144
12649, 3584, 6144
12649, 6144, 3072
12649, 160, 6144
11419, 3584, 6144
11419, 6144, 3072
11419, 160, 6144
13510, 3584, 6144
13510, 6144, 3072
13510, 160, 6144
12136, 3584, 6144
12136, 6144, 3072
12136, 160, 6144
13100, 3584, 6144
13100, 6144, 3072
13100, 160, 6144
13780, 3584, 6144
13780, 6144, 3072
13780, 160, 6144
13182, 3584, 6144
13182, 6144, 3072
13182, 160, 6144
14190, 3584, 6144
14190, 6144, 3072
14190, 160, 6144
11811, 3584, 6144
11811, 6144, 3072
11811, 160, 6144
13452, 3584, 6144
13452, 6144, 3072
13452, 160, 6144
12368, 3584, 6144
12368, 6144, 3072
12368, 160, 6144
12182, 3584, 6144
12182, 6144, 3072
12182, 160, 6144
12474, 3584, 6144
12474, 6144, 3072
12474, 160, 6144
12737, 3584, 6144
12737, 6144, 3072
12737, 160, 6144
13101, 3584, 6144
13101, 6144, 3072
13101, 160, 6144
25780, 3584, 6144
25780, 6144, 3072
25780, 160, 6144
13516, 3584, 6144
13516, 6144, 3072
13516, 160, 6144
11513, 3584, 6144
11513, 6144, 3072
11513, 160, 6144
14542, 3584, 6144
14542, 6144, 3072
14542, 160, 6144
14948, 3584, 6144
14948, 6144, 3072
14948, 160, 6144
27037, 3584, 6144
27037, 6144, 3072
27037, 160, 6144
11969, 3584, 6144
11969, 6144, 3072
11969, 160, 6144
14098, 3584, 6144
14098, 6144, 3072
14098, 160, 6144
14273, 3584, 6144
14273, 6144, 3072
14273, 160, 6144
13260, 3584, 6144
13260, 6144, 3072
13260, 160, 6144
14030, 3584, 6144
14030, 6144, 3072
14030, 160, 6144
13408, 3584, 6144
13408, 6144, 3072
13408, 160, 6144
26761, 3584, 6144
26761, 6144, 3072
26761, 160, 6144
27952, 3584, 6144
27952, 6144, 3072
27952, 160, 6144
14937, 3584, 6144
14937, 6144, 3072
14937, 160, 6144
11707, 3584, 6144
11707, 6144, 3072
11707, 160, 6144
11780, 3584, 6144
11780, 6144, 3072
11780, 160, 6144
14022, 3584, 6144
14022, 6144, 3072
14022, 160, 6144
11874, 3584, 6144
11874, 6144, 3072
11874, 160, 6144
14992, 3584, 6144
14992, 6144, 3072
14992, 160, 6144
12639, 3584, 6144
12639, 6144, 3072
12639, 160, 6144
12301, 3584, 6144
12301, 6144, 3072
12301, 160, 6144
14969, 3584, 6144
14969, 6144, 3072
14969, 160, 6144
29395, 3584, 6144
29395, 6144, 3072
29395, 160, 6144
13954, 3584, 6144
13954, 6144, 3072
13954, 160, 6144
12191, 3584, 6144
12191, 6144, 3072
12191, 160, 6144
14961, 3584, 6144
14961, 6144, 3072
14961, 160, 6144
12783, 3584, 6144
12783, 6144, 3072
12783, 160, 6144
14817, 3584, 6144
14817, 6144, 3072
14817, 160, 6144
13454, 3584, 6144
13454, 6144, 3072
13454, 160, 6144
14029, 3584, 6144
14029, 6144, 3072
14029, 160, 6144
14917, 3584, 6144
14917, 6144, 3072
14917, 160, 6144
12072, 3584, 6144
12072, 6144, 3072
12072, 160, 6144
14000, 3584, 6144
14000, 6144, 3072
14000, 160, 6144
12896, 3584, 6144
12896, 6144, 3072
12896, 160, 6144
12949, 3584, 6144
12949, 6144, 3072
12949, 160, 6144
13463, 3584, 6144
13463, 6144, 3072
13463, 160, 6144
13195, 3584, 6144
13195, 6144, 3072
13195, 160, 6144
14505, 3584, 6144
14505, 6144, 3072
14505, 160, 6144
13810, 3584, 6144
13810, 6144, 3072
13810, 160, 6144
13172, 3584, 6144
13172, 6144, 3072
13172, 160, 6144
13489, 3584, 6144
13489, 6144, 3072
13489, 160, 6144
13384, 3584, 6144
13384, 6144, 3072
13384, 160, 6144
14544, 3584, 6144
14544, 6144, 3072
14544, 160, 6144
12843, 3584, 6144
12843, 6144, 3072
12843, 160, 6144
13362, 3584, 6144
13362, 6144, 3072
13362, 160, 6144
12192, 3584, 6144
12192, 6144, 3072
12192, 160, 6144
13705, 3584, 6144
13705, 6144, 3072
13705, 160, 6144
13916, 3584, 6144
13916, 6144, 3072
13916, 160, 6144
12305, 3584, 6144
12305, 6144, 3072
12305, 160, 6144
11597, 3584, 6144
11597, 6144, 3072
11597, 160, 6144
13097, 3584, 6144
13097, 6144, 3072
13097, 160, 6144
12862, 3584, 6144
12862, 6144, 3072
12862, 160, 6144
14581, 3584, 6144
14581, 6144, 3072
14581, 160, 6144
27671, 3584, 6144
27671, 6144, 3072
27671, 160, 6144
13422, 3584, 6144
13422, 6144, 3072
13422, 160, 6144
12167, 3584, 6144
12167, 6144, 3072
12167, 160, 6144
11072, 3584, 6144
11072, 6144, 3072
11072, 160, 6144
12705, 3584, 6144
12705, 6144, 3072
12705, 160, 6144
13210, 3584, 6144
13210, 6144, 3072
13210, 160, 6144
14284, 3584, 6144
14284, 6144, 3072
14284, 160, 6144
14254, 3584, 6144
14254, 6144, 3072
14254, 160, 6144
12666, 3584, 6144
12666, 6144, 3072
12666, 160, 6144
12752, 3584, 6144
12752, 6144, 3072
12752, 160, 6144
23580, 3584, 6144
23580, 6144, 3072
23580, 160, 6144
11345, 3584, 6144
11345, 6144, 3072
11345, 160, 6144
14999, 3584, 6144
14999, 6144, 3072
14999, 160, 6144
12542, 3584, 6144
12542, 6144, 3072
12542, 160, 6144
12614, 3584, 6144
12614, 6144, 3072
12614, 160, 6144
11798, 3584, 6144
11798, 6144, 3072
11798, 160, 6144
13829, 3584, 6144
13829, 6144, 3072
13829, 160, 6144
11437, 3584, 6144
11437, 6144, 3072
11437, 160, 6144
12839, 3584, 6144
12839, 6144, 3072
12839, 160, 6144
12159, 3584, 6144
12159, 6144, 3072
12159, 160, 6144
13440, 3584, 6144
13440, 6144, 3072
13440, 160, 6144
12540, 3584, 6144
12540, 6144, 3072
12540, 160, 6144
11869, 3584, 6144
11869, 6144, 3072
11869, 160, 6144
13016, 3584, 6144
13016, 6144, 3072
13016, 160, 6144
13483, 3584, 6144
13483, 6144, 3072
13483, 160, 6144
26416, 3584, 6144
26416, 6144, 3072
26416, 160, 6144
12418, 3584, 6144
12418, 6144, 3072
12418, 160, 6144
4919, 3584, 6144
4919, 6144, 3072
4919, 160, 6144
13518, 3584, 6144
13518, 6144, 3072
13518, 160, 6144
12144, 3584, 6144
12144, 6144, 3072
12144, 160, 6144
13109, 3584, 6144
13109, 6144, 3072
13109, 160, 6144
13788, 3584, 6144
13788, 6144, 3072
13788, 160, 6144
13190, 3584, 6144
13190, 6144, 3072
13190, 160, 6144
14198, 3584, 6144
14198, 6144, 3072
14198, 160, 6144
11820, 3584, 6144
11820, 6144, 3072
11820, 160, 6144
13460, 3584, 6144
13460, 6144, 3072
13460, 160, 6144
12376, 3584, 6144
12376, 6144, 3072
12376, 160, 6144
12189, 3584, 6144
12189, 6144, 3072
12189, 160, 6144
12482, 3584, 6144
12482, 6144, 3072
12482, 160, 6144
12743, 3584, 6144
12743, 6144, 3072
12743, 160, 6144
13108, 3584, 6144
13108, 6144, 3072
13108, 160, 6144
11896, 3584, 6144
11896, 6144, 3072
11896, 160, 6144
27418, 3584, 6144
27418, 6144, 3072
27418, 160, 6144
11521, 3584, 6144
11521, 6144, 3072
11521, 160, 6144
14550, 3584, 6144
14550, 6144, 3072
14550, 160, 6144
14955, 3584, 6144
14955, 6144, 3072
14955, 160, 6144
14238, 3584, 6144
14238, 6144, 3072
14238, 160, 6144
12872, 3584, 6144
12872, 6144, 3072
12872, 160, 6144
26019, 3584, 6144
26019, 6144, 3072
26019, 160, 6144
12656, 3584, 6144
12656, 6144, 3072
12656, 160, 6144
14280, 3584, 6144
14280, 6144, 3072
14280, 160, 6144
13268, 3584, 6144
13268, 6144, 3072
13268, 160, 6144
14039, 3584, 6144
14039, 6144, 3072
14039, 160, 6144
13415, 3584, 6144
13415, 6144, 3072
13415, 160, 6144
13763, 3584, 6144
13763, 6144, 3072
13763, 160, 6144
27848, 3584, 6144
27848, 6144, 3072
27848, 160, 6144
13181, 3584, 6144
13181, 6144, 3072
13181, 160, 6144
13459, 3584, 6144
13459, 6144, 3072
13459, 160, 6144
14945, 3584, 6144
14945, 6144, 3072
14945, 160, 6144
23438, 3584, 6144
23438, 6144, 3072
23438, 160, 6144
26819, 3584, 6144
26819, 6144, 3072
26819, 160, 6144
12648, 3584, 6144
12648, 6144, 3072
12648, 160, 6144
12308, 3584, 6144
12308, 6144, 3072
12308, 160, 6144
14977, 3584, 6144
14977, 6144, 3072
14977, 160, 6144
29402, 3584, 6144
29402, 6144, 3072
29402, 160, 6144
13961, 3584, 6144
13961, 6144, 3072
13961, 160, 6144
12199, 3584, 6144
12199, 6144, 3072
12199, 160, 6144
14968, 3584, 6144
14968, 6144, 3072
14968, 160, 6144
12790, 3584, 6144
12790, 6144, 3072
12790, 160, 6144
13858, 3584, 6144
13858, 6144, 3072
13858, 160, 6144
14004, 3584, 6144
14004, 6144, 3072
14004, 160, 6144
12901, 3584, 6144
12901, 6144, 3072
12901, 160, 6144
13669, 3584, 6144
13669, 6144, 3072
13669, 160, 6144
13983, 3584, 6144
13983, 6144, 3072
13983, 160, 6144
13434, 3584, 6144
13434, 6144, 3072
13434, 160, 6144
11962, 3584, 6144
11962, 6144, 3072
11962, 160, 6144
13359, 3584, 6144
13359, 6144, 3072
13359, 160, 6144
14382, 3584, 6144
14382, 6144, 3072
14382, 160, 6144
12910, 3584, 6144
12910, 6144, 3072
12910, 160, 6144
12618, 3584, 6144
12618, 6144, 3072
12618, 160, 6144
14910, 3584, 6144
14910, 6144, 3072
14910, 160, 6144
13731, 3584, 6144
13731, 6144, 3072
13731, 160, 6144
13465, 3584, 6144
13465, 6144, 3072
13465, 160, 6144
12291, 3584, 6144
12291, 6144, 3072
12291, 160, 6144
14825, 3584, 6144
14825, 6144, 3072
14825, 160, 6144
13462, 3584, 6144
13462, 6144, 3072
13462, 160, 6144
14038, 3584, 6144
14038, 6144, 3072
14038, 160, 6144
14925, 3584, 6144
14925, 6144, 3072
14925, 160, 6144
12080, 3584, 6144
12080, 6144, 3072
12080, 160, 6144
14008, 3584, 6144
14008, 6144, 3072
14008, 160, 6144
12904, 3584, 6144
12904, 6144, 3072
12904, 160, 6144
12957, 3584, 6144
12957, 6144, 3072
12957, 160, 6144
13471, 3584, 6144
13471, 6144, 3072
13471, 160, 6144
13202, 3584, 6144
13202, 6144, 3072
13202, 160, 6144
14513, 3584, 6144
14513, 6144, 3072
14513, 160, 6144
13818, 3584, 6144
13818, 6144, 3072
13818, 160, 6144
13179, 3584, 6144
13179, 6144, 3072
13179, 160, 6144
13497, 3584, 6144
13497, 6144, 3072
13497, 160, 6144
13392, 3584, 6144
13392, 6144, 3072
13392, 160, 6144
14552, 3584, 6144
14552, 6144, 3072
14552, 160, 6144
12850, 3584, 6144
12850, 6144, 3072
12850, 160, 6144
13371, 3584, 6144
13371, 6144, 3072
13371, 160, 6144
12201, 3584, 6144
12201, 6144, 3072
12201, 160, 6144
13713, 3584, 6144
13713, 6144, 3072
13713, 160, 6144
13924, 3584, 6144
13924, 6144, 3072
13924, 160, 6144
12313, 3584, 6144
12313, 6144, 3072
12313, 160, 6144
11606, 3584, 6144
11606, 6144, 3072
11606, 160, 6144
13105, 3584, 6144
13105, 6144, 3072
13105, 160, 6144
12868, 3584, 6144
12868, 6144, 3072
12868, 160, 6144
29053, 3584, 6144
29053, 6144, 3072
29053, 160, 6144
13215, 3584, 6144
13215, 6144, 3072
13215, 160, 6144
13430, 3584, 6144
13430, 6144, 3072
13430, 160, 6144
12174, 3584, 6144
12174, 6144, 3072
12174, 160, 6144
11079, 3584, 6144
11079, 6144, 3072
11079, 160, 6144
12714, 3584, 6144
12714, 6144, 3072
12714, 160, 6144
13219, 3584, 6144
13219, 6144, 3072
13219, 160, 6144
14292, 3584, 6144
14292, 6144, 3072
14292, 160, 6144
14263, 3584, 6144
14263, 6144, 3072
14263, 160, 6144
12672, 3584, 6144
12672, 6144, 3072
12672, 160, 6144
12759, 3584, 6144
12759, 6144, 3072
12759, 160, 6144
12011, 3584, 6144
12011, 6144, 3072
12011, 160, 6144
11640, 3584, 6144
11640, 6144, 3072
11640, 160, 6144
11352, 3584, 6144
11352, 6144, 3072
11352, 160, 6144
15007, 3584, 6144
15007, 6144, 3072
15007, 160, 6144
12550, 3584, 6144
12550, 6144, 3072
12550, 160, 6144
12622, 3584, 6144
12622, 6144, 3072
12622, 160, 6144
11806, 3584, 6144
11806, 6144, 3072
11806, 160, 6144
13835, 3584, 6144
13835, 6144, 3072
13835, 160, 6144
11444, 3584, 6144
11444, 6144, 3072
11444, 160, 6144
12847, 3584, 6144
12847, 6144, 3072
12847, 160, 6144
13447, 3584, 6144
13447, 6144, 3072
13447, 160, 6144
12548, 3584, 6144
12548, 6144, 3072
12548, 160, 6144
11877, 3584, 6144
11877, 6144, 3072
11877, 160, 6144
13023, 3584, 6144
13023, 6144, 3072
13023, 160, 6144
13491, 3584, 6144
13491, 6144, 3072
13491, 160, 6144
13127, 3584, 6144
13127, 6144, 3072
13127, 160, 6144
13361, 3584, 6144
13361, 6144, 3072
13361, 160, 6144
12426, 3584, 6144
12426, 6144, 3072
12426, 160, 6144
12692, 3584, 6144
12692, 6144, 3072
12692, 160, 6144
12387, 3584, 6144
12387, 6144, 3072
12387, 160, 6144
12694, 3584, 6144
12694, 6144, 3072
12694, 160, 6144
12245, 3584, 6144
12245, 6144, 3072
12245, 160, 6144
11336, 3584, 6144
11336, 6144, 3072
11336, 160, 6144
13235, 3584, 6144
13235, 6144, 3072
13235, 160, 6144
12657, 3584, 6144
12657, 6144, 3072
12657, 160, 6144
11428, 3584, 6144
11428, 6144, 3072
11428, 160, 6144
14762, 3584, 6144
14762, 6144, 3072
14762, 160, 6144
62745, 3584, 6144
62745, 6144, 3072
62745, 160, 6144
11537, 3584, 6144
11537, 6144, 3072
11537, 160, 6144
29458, 3584, 6144
29458, 6144, 3072
29458, 160, 6144
14253, 3584, 6144
14253, 6144, 3072
14253, 160, 6144
12888, 3584, 6144
12888, 6144, 3072
12888, 160, 6144
11993, 3584, 6144
11993, 6144, 3072
11993, 160, 6144
14123, 3584, 6144
14123, 6144, 3072
14123, 160, 6144
12673, 3584, 6144
12673, 6144, 3072
12673, 160, 6144
14297, 3584, 6144
14297, 6144, 3072
14297, 160, 6144
13285, 3584, 6144
13285, 6144, 3072
13285, 160, 6144
14055, 3584, 6144
14055, 6144, 3072
14055, 160, 6144
13431, 3584, 6144
13431, 6144, 3072
13431, 160, 6144
13781, 3584, 6144
13781, 6144, 3072
13781, 160, 6144
13081, 3584, 6144
13081, 6144, 3072
13081, 160, 6144
14858, 3584, 6144
14858, 6144, 3072
14858, 160, 6144
26593, 3584, 6144
26593, 6144, 3072
26593, 160, 6144
23455, 3584, 6144
23455, 6144, 3072
23455, 160, 6144
14046, 3584, 6144
14046, 6144, 3072
14046, 160, 6144
11899, 3584, 6144
11899, 6144, 3072
11899, 160, 6144
15016, 3584, 6144
15016, 6144, 3072
15016, 160, 6144
12663, 3584, 6144
12663, 6144, 3072
12663, 160, 6144
12324, 3584, 6144
12324, 6144, 3072
12324, 160, 6144
14993, 3584, 6144
14993, 6144, 3072
14993, 160, 6144
14558, 3584, 6144
14558, 6144, 3072
14558, 160, 6144
14941, 3584, 6144
14941, 6144, 3072
14941, 160, 6144
13977, 3584, 6144
13977, 6144, 3072
13977, 160, 6144
12214, 3584, 6144
12214, 6144, 3072
12214, 160, 6144
14983, 3584, 6144
14983, 6144, 3072
14983, 160, 6144
26601, 3584, 6144
26601, 6144, 3072
26601, 160, 6144
26857, 3584, 6144
26857, 6144, 3072
26857, 160, 6144
40975, 3584, 6144
40975, 6144, 3072
40975, 160, 6144
11978, 3584, 6144
11978, 6144, 3072
11978, 160, 6144
13376, 3584, 6144
13376, 6144, 3072
13376, 160, 6144
14398, 3584, 6144
14398, 6144, 3072
14398, 160, 6144
25229, 3584, 6144
25229, 6144, 3072
25229, 160, 6144
27479, 3584, 6144
27479, 6144, 3072
27479, 160, 6144
13745, 3584, 6144
13745, 6144, 3072
13745, 160, 6144
25708, 3584, 6144
25708, 6144, 3072
25708, 160, 6144
13611, 3584, 6144
13611, 6144, 3072
13611, 160, 6144
12401, 3584, 6144
12401, 6144, 3072
12401, 160, 6144
13107, 3584, 6144
13107, 6144, 3072
13107, 160, 6144
12440, 3584, 6144
12440, 6144, 3072
12440, 160, 6144
13746, 3584, 6144
13746, 6144, 3072
13746, 160, 6144
13651, 3584, 6144
13651, 6144, 3072
13651, 160, 6144
26259, 3584, 6144
26259, 6144, 3072
26259, 160, 6144
11585, 3584, 6144
11585, 6144, 3072
11585, 160, 6144
13515, 3584, 6144
13515, 6144, 3072
13515, 160, 6144
13238, 3584, 6144
13238, 6144, 3072
13238, 160, 6144
13709, 3584, 6144
13709, 6144, 3072
13709, 160, 6144
14015, 3584, 6144
14015, 6144, 3072
14015, 160, 6144
12165, 3584, 6144
12165, 6144, 3072
12165, 160, 6144
14192, 3584, 6144
14192, 6144, 3072
14192, 160, 6144
11756, 3584, 6144
11756, 6144, 3072
11756, 160, 6144
12608, 3584, 6144
12608, 6144, 3072
12608, 160, 6144
13010, 3584, 6144
13010, 6144, 3072
13010, 160, 6144
14784, 3584, 6144
14784, 6144, 3072
14784, 160, 6144
12329, 3584, 6144
12329, 6144, 3072
12329, 160, 6144
12248, 3584, 6144
12248, 6144, 3072
12248, 160, 6144
12972, 3584, 6144
12972, 6144, 3072
12972, 160, 6144
12411, 3584, 6144
12411, 6144, 3072
12411, 160, 6144
14202, 3584, 6144
14202, 6144, 3072
14202, 160, 6144
11995, 3584, 6144
11995, 6144, 3072
11995, 160, 6144
11926, 3584, 6144
11926, 6144, 3072
11926, 160, 6144
12578, 3584, 6144
12578, 6144, 3072
12578, 160, 6144
15000, 3584, 6144
15000, 6144, 3072
15000, 160, 6144
14021, 3584, 6144
14021, 6144, 3072
14021, 160, 6144
13158, 3584, 6144
13158, 6144, 3072
13158, 160, 6144
14841, 3584, 6144
14841, 6144, 3072
14841, 160, 6144
13478, 3584, 6144
13478, 6144, 3072
13478, 160, 6144
14054, 3584, 6144
14054, 6144, 3072
14054, 160, 6144
12096, 3584, 6144
12096, 6144, 3072
12096, 160, 6144
14024, 3584, 6144
14024, 6144, 3072
14024, 160, 6144
12920, 3584, 6144
12920, 6144, 3072
12920, 160, 6144
13487, 3584, 6144
13487, 6144, 3072
13487, 160, 6144
14529, 3584, 6144
14529, 6144, 3072
14529, 160, 6144
26950, 3584, 6144
26950, 6144, 3072
26950, 160, 6144
13513, 3584, 6144
13513, 6144, 3072
13513, 160, 6144
27355, 3584, 6144
27355, 6144, 3072
27355, 160, 6144
13386, 3584, 6144
13386, 6144, 3072
13386, 160, 6144
12217, 3584, 6144
12217, 6144, 3072
12217, 160, 6144
13728, 3584, 6144
13728, 6144, 3072
13728, 160, 6144
13940, 3584, 6144
13940, 6144, 3072
13940, 160, 6144
23871, 3584, 6144
23871, 6144, 3072
23871, 160, 6144
13121, 3584, 6144
13121, 6144, 3072
13121, 160, 6144
12885, 3584, 6144
12885, 6144, 3072
12885, 160, 6144
14605, 3584, 6144
14605, 6144, 3072
14605, 160, 6144
26596, 3584, 6144
26596, 6144, 3072
26596, 160, 6144
11096, 3584, 6144
11096, 6144, 3072
11096, 160, 6144
12730, 3584, 6144
12730, 6144, 3072
12730, 160, 6144
14308, 3584, 6144
14308, 6144, 3072
14308, 160, 6144
14277, 3584, 6144
14277, 6144, 3072
14277, 160, 6144
12688, 3584, 6144
12688, 6144, 3072
12688, 160, 6144
12775, 3584, 6144
12775, 6144, 3072
12775, 160, 6144
12027, 3584, 6144
12027, 6144, 3072
12027, 160, 6144
11656, 3584, 6144
11656, 6144, 3072
11656, 160, 6144
11368, 3584, 6144
11368, 6144, 3072
11368, 160, 6144
15020, 3584, 6144
15020, 6144, 3072
15020, 160, 6144
12563, 3584, 6144
12563, 6144, 3072
12563, 160, 6144
24379, 3584, 6144
24379, 6144, 3072
24379, 160, 6144
13853, 3584, 6144
13853, 6144, 3072
13853, 160, 6144
11461, 3584, 6144
11461, 6144, 3072
11461, 160, 6144
12863, 3584, 6144
12863, 6144, 3072
12863, 160, 6144
12181, 3584, 6144
12181, 6144, 3072
12181, 160, 6144
25948, 3584, 6144
25948, 6144, 3072
25948, 160, 6144
11893, 3584, 6144
11893, 6144, 3072
11893, 160, 6144
26466, 3584, 6144
26466, 6144, 3072
26466, 160, 6144
13143, 3584, 6144
13143, 6144, 3072
13143, 160, 6144
12442, 3584, 6144
12442, 6144, 3072
12442, 160, 6144
12708, 3584, 6144
12708, 6144, 3072
12708, 160, 6144
12404, 3584, 6144
12404, 6144, 3072
12404, 160, 6144
12711, 3584, 6144
12711, 6144, 3072
12711, 160, 6144
12261, 3584, 6144
12261, 6144, 3072
12261, 160, 6144
37116, 3584, 6144
37116, 6144, 3072
37116, 160, 6144
11443, 3584, 6144
11443, 6144, 3072
11443, 160, 6144
13533, 3584, 6144
13533, 6144, 3072
13533, 160, 6144
12161, 3584, 6144
12161, 6144, 3072
12161, 160, 6144
13125, 3584, 6144
13125, 6144, 3072
13125, 160, 6144
13803, 3584, 6144
13803, 6144, 3072
13803, 160, 6144
13206, 3584, 6144
13206, 6144, 3072
13206, 160, 6144
14214, 3584, 6144
14214, 6144, 3072
14214, 160, 6144
11835, 3584, 6144
11835, 6144, 3072
11835, 160, 6144
13476, 3584, 6144
13476, 6144, 3072
13476, 160, 6144
12392, 3584, 6144
12392, 6144, 3072
12392, 160, 6144
12206, 3584, 6144
12206, 6144, 3072
12206, 160, 6144
12498, 3584, 6144
12498, 6144, 3072
12498, 160, 6144
12761, 3584, 6144
12761, 6144, 3072
12761, 160, 6144
11912, 3584, 6144
11912, 6144, 3072
11912, 160, 6144
13973, 3584, 6144
13973, 6144, 3072
13973, 160, 6144
13541, 3584, 6144
13541, 6144, 3072
13541, 160, 6144
